"oslaua","wave","mean_price","max_price","min_price","transactions"
"E06000001",0,122319.165128205,748000,10000,975
"E06000001",1,121334.477703456,830000,12000,1794
"E06000001",2,122774.95727198,1400000,10000,2434
"E06000001",3,125264.202680067,2901488,10000,2388
"E06000002",0,114232.671908506,650000,10000,1399
"E06000002",1,115835.255619048,1875000,13750,2625
"E06000002",2,142251.700207162,22780712,14000,3379
"E06000002",3,149254.284984985,12200000,2000,3330
"E06000003",0,127373.178129298,800000,11506,1454
"E06000003",1,123665.551318603,540000,12500,2806
"E06000003",2,135059.246113307,12600000,5500,3795
"E06000003",3,138922.390236318,4500000,6000,3216
"E06000004",0,146021.789644013,1000000,15000,2472
"E06000004",1,141585.311428571,1375000,7750,4550
"E06000004",2,154840.158245614,5150000,8500,5700
"E06000004",3,160110.618108652,7888468,3500,4970
"E06000005",0,145280.738021638,750000,20000,1294
"E06000005",1,134453.604886268,706000,15000,2374
"E06000005",2,142559.521139706,4028725,15000,3264
"E06000005",3,183676.336040609,34232962,1000,2955
"E06000006",0,138060.559535334,950000,29000,1033
"E06000006",1,132104.243753187,610000,23000,1961
"E06000006",2,153145.137047711,13500000,1000,3123
"E06000006",3,185659.543546695,31900000,16000,2859
"E06000007",0,183041.240641711,1600000,30000,2431
"E06000007",1,180506.937668767,1482500,10000,4444
"E06000007",2,194891.582952816,13800000,20000,6570
"E06000007",3,212503.164697826,8725000,600,5841
"E06000008",0,113779.765318627,850000,10000,1632
"E06000008",1,113301.775518848,890000,15750,2361
"E06000008",2,130740.519879518,14600000,10000,3320
"E06000008",3,127387.891006352,4057984,10000,2991
"E06000009",0,111987.637191157,785000,18000,1538
"E06000009",1,104223.502919959,690000,1427,2911
"E06000009",2,124127.009111056,21755000,3300,4061
"E06000009",3,110321.072761194,2000000,3000,3752
"E06000010",0,98247.4367861363,495000,10000,2539
"E06000010",1,98041.0805397428,475000,8000,4743
"E06000010",2,110729.849719516,37250000,5000,6774
"E06000010",3,120435.309988884,25200000,4247,6297
"E06000011",0,167945.680768445,1520000,30000,4893
"E06000011",1,162784.054805312,2500000,15000,8886
"E06000011",2,172773.155362513,23478000,500,11972
"E06000011",3,188006.61866519,27285237,4926,10833
"E06000012",0,122628.101004759,640000,5250,1891
"E06000012",1,119742.443241743,750000,10500,3603
"E06000012",2,124129.072623333,3540000,6500,4723
"E06000012",3,131389.602786605,7200000,5000,4091
"E06000013",0,132795.658708627,887000,10000,1843
"E06000013",1,126963.848414986,775000,22500,3470
"E06000013",2,140660.486822043,8500000,23000,4591
"E06000013",3,145235.470668177,2550005,9500,4415
"E06000014",0,201574.11961564,1370000,8000,3018
"E06000014",1,205529.599827139,1670000,34000,5785
"E06000014",2,236917.896937812,43482516,2000,7413
"E06000014",3,259493.822499158,28100000,5500,5938
"E06000015",0,140031.75379845,595000,10000,3225
"E06000015",1,140126.136991214,1950000,22500,5577
"E06000015",2,162617.688640298,50600000,4000,7509
"E06000015",3,177070.873419673,35570000,19000,6486
"E06000016",0,137863.986189579,860000,27000,3186
"E06000016",1,138300.466082705,805000,25000,4909
"E06000016",2,154159.717085577,22632384,10000,6684
"E06000016",3,178457.067419158,33600000,10000,6556
"E06000017",0,278890.032727273,1687500,40000,550
"E06000017",1,259899.706357215,1950000,55000,991
"E06000017",2,271421.323349217,2500000,40000,1469
"E06000017",3,288750.725623583,2868597,10000,1323
"E06000018",0,120868.240310078,2500000,22000,3096
"E06000018",1,118557.082623839,1200000,21250,5168
"E06000018",2,163881.251589341,41421197,4750,7393
"E06000018",3,175558.395945387,68591328,6875,7251
"E06000019",0,222424.349936682,1791586,33000,2369
"E06000019",1,215286.924877135,1135000,33000,4273
"E06000019",2,223841.679914454,7751551,8000,5611
"E06000019",3,239815.354243542,8040000,8000,4878
"E06000020",0,156640.079089275,595000,38000,1669
"E06000020",1,152792.777553957,825000,25000,3475
"E06000020",2,161289.729873082,11000000,10000,5279
"E06000020",3,169855.776840039,6661378,5000,5095
"E06000021",0,98544.1100775194,440000,15000,2580
"E06000021",1,98154.4438809261,865000,7000,4535
"E06000021",2,112069.888855825,18900000,12500,6721
"E06000021",3,124633.976855424,18000000,17000,6481
"E06000022",0,295622.677004539,2400000,50000,2644
"E06000022",1,289774.344673957,4000000,55000,4938
"E06000022",2,326879.45104527,28250000,11280,6649
"E06000022",3,373945.191926473,25000000,250,5549
"E06000023",0,208530.902294366,1500000,30000,6407
"E06000023",1,209665.166977612,1900000,28000,11792
"E06000023",2,245905.974389258,35125000,3300,16087
"E06000023",3,298110.636377246,45980000,150,13360
"E06000024",0,217711.291259425,1900000,12500,3581
"E06000024",1,214849.349760544,1501000,36217,6473
"E06000024",2,238232.692915215,9154271,10000,8610
"E06000024",3,266689.775840937,23630000,2290,7343
"E06000025",0,210713.76866485,2000000,35000,3670
"E06000025",1,208009.284486526,1750000,42000,6865
"E06000025",2,228863.918161788,17800000,5000,9531
"E06000025",3,279513.840876089,32325000,275,8264
"E06000026",0,159228.724507042,1200000,28000,3550
"E06000026",1,157661.952193121,980000,26250,6338
"E06000026",2,168259.084711239,2766979,5000,8346
"E06000026",3,187608.575384615,8388984,3000,7800
"E06000027",0,184445.802644004,1342500,22500,2118
"E06000027",1,181646.459605911,1525000,33000,4060
"E06000027",2,187816.083076365,7537694,2000,5513
"E06000027",3,212762.985305798,11999993,1000,5036
"E06000028",0,220974.792524549,1275000,24500,3157
"E06000028",1,216328.95428372,1650000,32500,5731
"E06000028",2,242375.523924356,37000000,15000,7879
"E06000028",3,257032.299846946,6050000,1,7187
"E06000029",0,275510.119112495,4800000,55000,2569
"E06000029",1,282807.465517241,4135000,47000,4408
"E06000029",2,316147.633454907,21755000,20300,6032
"E06000029",3,359025.31025641,13385244,195,5460
"E06000030",0,171916.97664331,875000,39000,2997
"E06000030",1,166652.728666787,1030000,42500,5543
"E06000030",2,190245.946751465,27166304,19375,8019
"E06000030",3,226920.037160431,24000000,20000,7804
"E06000031",0,154999.700493938,1200000,18000,2227
"E06000031",1,154902.391394386,3530000,26000,4346
"E06000031",2,185126.023093186,14100000,10000,6149
"E06000031",3,215409.007805871,75000000,27000,5893
"E06000032",0,159700.650451354,615000,25000,1994
"E06000032",1,161284.00441623,730000,22000,3623
"E06000032",2,178123.962416107,9025000,5000,5215
"E06000032",3,233181.168106172,21083398,5500,4747
"E06000033",0,210615.029335314,1950000,40000,2693
"E06000033",1,211143.993091196,1675000,30000,5066
"E06000033",2,239830.33671188,32521200,500,6709
"E06000033",3,272036.040849408,22000000,2250,6169
"E06000034",0,181624.901247965,660000,54995,1843
"E06000034",1,181501.130672028,900000,40000,3482
"E06000034",2,201993.709856459,9600000,14000,5225
"E06000034",3,260434.404496579,25000000,3357,5115
"E06000035",0,172739.421774931,1425000,14000,3279
"E06000035",1,170972.482034105,1095000,18000,6568
"E06000035",2,194961.628754873,48788960,4750,8722
"E06000035",3,227633.658470617,12369916,100,8134
"E06000036",0,271986.628603731,4400000,63700,1769
"E06000036",1,267028.136021667,3520000,42500,3323
"E06000036",2,323802.818039741,20034382,50000,4479
"E06000036",3,379615.26759388,16800000,2000,3595
"E06000037",0,305051.689909052,2450000,44950,2309
"E06000037",1,305259.238870273,2750000,37500,4178
"E06000037",2,328443.270783029,42900000,39900,5798
"E06000037",3,421896.879356568,58028903,100,4476
"E06000038",0,228393.792403971,1100000,35000,2317
"E06000038",1,230342.300916138,1426500,45000,4257
"E06000038",2,301005.399898888,93223896,6850,5934
"E06000038",3,357140.609813084,90968237,10500,5136
"E06000039",0,206103.282546495,950000,27200,1398
"E06000039",1,207786.260645161,750000,30000,2325
"E06000039",2,248434.207775151,18800000,10000,3807
"E06000039",3,338592.255799567,36347444,500,3233
"E06000040",0,421222.132965166,4000000,69000,2354
"E06000040",1,438480.51536643,4850000,41250,3807
"E06000040",2,534537.14371708,90201395,30000,5316
"E06000040",3,585101.853454635,29238650,1000,4067
"E06000041",0,313620.850282486,2600000,71550,2478
"E06000041",1,324057.246867443,4500000,37500,4549
"E06000041",2,364599.591467463,12493713,12000,6024
"E06000041",3,470397.751838622,98250000,100,4759
"E06000042",0,205331.171944517,1350000,23250,3821
"E06000042",1,204734.034920182,1750000,20000,7016
"E06000042",2,251342.174883012,32030750,21000,9189
"E06000042",3,290873.91514184,54865744,1000,8143
"E06000043",0,276827.65684469,2300000,31000,4887
"E06000043",1,283039.83640822,2750000,4000,8564
"E06000043",2,330545.29554175,45912994,2500,10946
"E06000043",3,380967.175681618,20484950,100,9096
"E06000044",0,171613.653700906,1150000,28500,2648
"E06000044",1,168832.579655317,1350000,23750,4758
"E06000044",2,198386.463882784,19972500,5000,6825
"E06000044",3,226751.920572507,32850000,500,6358
"E06000045",0,178361.220028715,850000,31250,2786
"E06000045",1,172276.968854065,730000,36000,5105
"E06000045",2,195736.669628647,30630000,5000,7540
"E06000045",3,227315.44368406,14902828,635,7014
"E06000046",0,205001.384861834,3600000,14500,2497
"E06000046",1,197272.350224215,1685000,30000,4460
"E06000046",2,207229.775448089,6679142,350,5914
"E06000046",3,219855.71886121,6900000,2500,5339
"E06000047",0,126765.649209318,900000,10000,5881
"E06000047",1,121108.229799923,1575000,8500,10396
"E06000047",2,127154.125790974,16995000,5600,14381
"E06000047",3,131859.318951186,46436260,120,13234
"E06000049",0,228007.810911224,3986710,20000,5114
"E06000049",1,216400.171247357,3500000,21000,9460
"E06000049",2,240951.166035775,25000000,530,13473
"E06000049",3,257682.345981428,17390000,360,12492
"E06000050",0,197477.57426529,1825000,26750,3777
"E06000050",1,192387.893009202,1800000,7500,7281
"E06000050",2,223836.031167411,17650000,957,10973
"E06000050",3,233674.895203236,32995000,5000,10382
"E06000051",0,207794.808784146,1500000,40000,3734
"E06000051",1,201388.744884242,1800000,33750,6695
"E06000051",2,208070.899167534,4690770,500,9610
"E06000051",3,230031.79735328,20100000,2692,8690
"E06000052",0,228036.290499533,2700000,30000,8568
"E06000052",1,220448.314655456,3300000,30000,15223
"E06000052",2,230226.668929712,26000000,4999,20032
"E06000052",3,248956.633175355,10259480,170,17935
"E06000053",0,323777,659000,183000,13
"E06000053",1,360482.142857143,735000,175000,28
"E06000053",2,306185.9375,625000,62500,32
"E06000053",3,342146.243902439,1555496,39500,41
"E06000054",0,244585.389207807,3000000,50000,6968
"E06000054",1,242485.564825788,7450000,28000,12657
"E06000054",2,252193.274234766,13250000,3200,17609
"E06000054",3,286193.583996815,49775000,100,15072
"E06000055",0,217858.235671514,1230000,30000,2338
"E06000055",1,212630.882694541,1500000,39500,4305
"E06000055",2,236138.232413329,18255733,25910,5942
"E06000055",3,261531.671802487,6400000,11250,5387
"E06000056",0,222011.462017733,1731500,31500,4173
"E06000056",1,220980.342751686,2250000,35000,7857
"E06000056",2,249585.93267256,31245000,10290,11199
"E06000056",3,286724.149621403,19316880,280,9905
"E06000057",0,178172.258965164,2500000,3295,3904
"E06000057",1,167080.322809558,2750000,4250,6905
"E06000057",2,176655.248905966,9100843,3460,9369
"E06000057",3,183921.829774684,2640000,1500,8477
"E07000004",0,270903.638178634,2150000,53750,2855
"E07000004",1,266535.340736522,2600000,42000,5268
"E07000004",2,296781.803494023,70375443,24375,7613
"E07000004",3,335086.822867299,40960000,2500,6752
"E07000005",0,457520.389307745,4095000,72000,1459
"E07000005",1,462475.956944964,5000000,62000,2671
"E07000005",2,504005.927692308,6000000,20000,3250
"E07000005",3,609412.938002296,31600000,1400,2613
"E07000006",0,531702.805194805,4600000,24650,1078
"E07000006",1,541578.30802139,4300000,52500,1870
"E07000006",2,637391.660646787,30400000,10000,2381
"E07000006",3,712222.166574433,18000000,2372,1807
"E07000007",0,336740.383801384,4000000,25000,2457
"E07000007",1,330563.704279279,3465000,42000,4440
"E07000007",2,371561.796197465,38000000,10000,5996
"E07000007",3,416838.194834249,18000000,5000,4917
"E07000008",0,319015.240045506,2440000,50000,1758
"E07000008",1,327758.68287037,2600000,50000,3024
"E07000008",2,411601.927543073,10000000,15000,4237
"E07000008",3,516894.151045422,20349000,100,2774
"E07000009",0,215219.59869281,2325000,45000,1530
"E07000009",1,213030.973703982,1265000,42000,2662
"E07000009",2,235309.347600519,3530000,30750,3084
"E07000009",3,276835.16491817,2750000,21000,2383
"E07000010",0,144069.80077821,550000,26000,1285
"E07000010",1,142847.281058282,742500,27000,2608
"E07000010",2,153599.405837004,3800000,16031,3632
"E07000010",3,177755.927911826,13285244,35000,3357
"E07000011",0,208629.583933308,1500000,40000,2639
"E07000011",1,204402.565898792,2100000,31000,5296
"E07000011",2,223438.666897891,12969040,20400,7208
"E07000011",3,264453.974887426,17007074,3000,5774
"E07000012",0,275298.089772727,2508000,35100,2640
"E07000012",1,284485.171422152,2250000,35404,4451
"E07000012",2,315547.51306071,8400000,2000,5551
"E07000012",3,381271.211340206,7780000,5000,4074
"E07000026",0,166738.991935484,765000,18000,1240
"E07000026",1,157747.823279925,830000,18000,2122
"E07000026",2,178981.634531407,30900000,17000,2977
"E07000026",3,169161.447009841,3100000,15000,2642
"E07000027",0,113896.950570342,452000,18700,1052
"E07000027",1,112234.473946785,660000,10000,1804
"E07000027",2,119468.935316947,2469500,7500,2319
"E07000027",3,126083.71472937,2850000,15000,2254
"E07000028",0,141239.001328904,1000000,15000,1505
"E07000028",1,140193.551369863,735000,27000,2628
"E07000028",2,154059.841612262,19760000,1000,3523
"E07000028",3,152796.383982273,3014414,26250,3159
"E07000029",0,133125.023174971,471000,18415,863
"E07000029",1,126407.585086042,770000,20000,1569
"E07000029",2,130928.0444558,2650000,15500,1957
"E07000029",3,135153.29185022,925000,4750,1816
"E07000030",0,213161.588855422,1020000,22500,664
"E07000030",1,194933.158703072,950000,22500,1172
"E07000030",2,220270.180946292,7367000,5000,1564
"E07000030",3,221182.469204152,5398452,2000,1445
"E07000031",0,240704.741007194,2850000,7000,1668
"E07000031",1,223899.395585144,2250000,20000,2854
"E07000031",2,242250.561491375,5330000,15000,3594
"E07000031",3,258350.080023536,11108858,1000,3399
"E07000032",0,162193.077840909,1400000,17000,1760
"E07000032",1,155074.710456651,2425000,30000,3022
"E07000032",2,171986.01981409,31000000,18000,4088
"E07000032",3,187604.301463169,6750000,2500,3964
"E07000033",0,113890.738748628,525000,22500,911
"E07000033",1,107732.133373567,970000,19000,1657
"E07000033",2,118359.068475992,2931833,20000,2395
"E07000033",3,161484.145299145,64661605,3500,2340
"E07000034",0,141476.897045658,795000,35000,1117
"E07000034",1,132126.232208029,1000000,25000,2192
"E07000034",2,152199.356365963,1720000,12000,3126
"E07000034",3,162404.355913585,6370000,13500,2731
"E07000035",0,254671.395073892,1725000,35875,1015
"E07000035",1,239311.726382488,1400000,28500,1736
"E07000035",2,257807.356134157,1800000,8000,2266
"E07000035",3,275005.712003872,4145000,8000,2066
"E07000036",0,135664.215112736,800000,21500,1641
"E07000036",1,137673.737839771,950000,17500,2796
"E07000036",2,152030.129336735,15250000,19375,3920
"E07000036",3,161717.953441874,2062500,7000,3501
"E07000037",0,172680.569285084,750000,550,1133
"E07000037",1,174804.866451017,850000,28000,2164
"E07000037",2,177653.134739707,3700000,22500,2939
"E07000037",3,194761.989724771,2300000,150,2725
"E07000038",0,167155.869897959,1125000,20000,1176
"E07000038",1,164816.334895833,1250000,26000,1920
"E07000038",2,176317.83173785,3902021,6244,2716
"E07000038",3,190594.555962556,2134070,25000,2457
"E07000039",0,169322.176386913,915000,30000,1406
"E07000039",1,169771.089430894,835000,20000,2460
"E07000039",2,181151.606246514,11850000,30000,3586
"E07000039",3,205992.854786451,20075000,30000,3395
"E07000040",0,265692.027529762,3100000,38733,2688
"E07000040",1,258937.815601346,1953500,26000,4756
"E07000040",2,269854.942951438,19972500,6250,6363
"E07000040",3,279750.182576295,2000000,10000,5636
"E07000041",0,206902.014667365,1360000,31500,1909
"E07000041",1,212332.864138126,1999000,16000,3533
"E07000041",2,251582.989727557,19972500,5000,4478
"E07000041",3,275966.699091132,14710000,5000,4071
"E07000042",0,220954.893401015,2500000,40000,1182
"E07000042",1,215627.176812892,1360000,31000,2234
"E07000042",2,224716.981229297,2300000,20533,2717
"E07000042",3,235419.574269996,1675000,39950,2363
"E07000043",0,222928.324358974,1100000,36250,1560
"E07000043",1,216679.59244012,3600000,22500,2672
"E07000043",2,226277.15152412,2850000,1500,3379
"E07000043",3,248223.885121791,13285244,40000,3038
"E07000044",0,319381.930217248,3825000,32000,1519
"E07000044",1,293277.714560123,3420000,37500,2603
"E07000044",2,324452.687645012,11300613,5000,3448
"E07000044",3,336216.548472776,12177500,15000,3012
"E07000045",0,225146.986423221,1090000,30000,2136
"E07000045",1,223904.694500505,2250000,29500,3964
"E07000045",2,230985.05496988,5350000,20000,5312
"E07000045",3,247695.158101902,2950000,5000,4573
"E07000046",0,209922.278813559,945000,40250,1180
"E07000046",1,197491.206749049,843067,35000,2104
"E07000046",2,206428.663777537,910000,22600,2769
"E07000046",3,228427.800159553,5371582,1000,2507
"E07000047",0,237210.545547595,3300000,55000,977
"E07000047",1,228507.532544379,1950000,38164,1521
"E07000047",2,237379.096464646,1732016,27000,1980
"E07000047",3,250246.042337507,1545000,27730,1677
"E07000048",0,282855.905252317,1300000,37500,971
"E07000048",1,282158.841232228,4250000,60000,1688
"E07000048",2,296588.502093997,2000000,16000,2149
"E07000048",3,347443.783769634,8221970,52000,1910
"E07000049",0,291225.969480519,1370000,45000,1540
"E07000049",1,291481.911960716,1175000,48000,2851
"E07000049",2,318836.963287671,26221312,30000,3650
"E07000049",3,353689.104915869,11000000,1000,3031
"E07000050",0,251788.817866435,2150000,40000,1153
"E07000050",1,239482.115971516,1550000,45000,1966
"E07000050",2,254810.950171168,2800000,20000,2629
"E07000050",3,270774.390201977,7125000,25200,2327
"E07000051",0,271130.809392265,890000,32000,724
"E07000051",1,273693.607555898,1700000,75000,1297
"E07000051",2,284837.595690748,2400000,8000,1578
"E07000051",3,325632.425352113,4079667,45000,1420
"E07000052",0,260016.478046103,1150000,65000,1822
"E07000052",1,267481.674179649,2275000,58500,3017
"E07000052",2,273703.638571429,3988044,1000,4200
"E07000052",3,297482.089501829,9200000,500,3553
"E07000053",0,207185.789371981,1250000,55000,1035
"E07000053",1,204029.759733037,1000000,47250,1798
"E07000053",2,231373.229281768,30100000,40000,2534
"E07000053",3,224398.956289028,1358860,1000,2242
"E07000061",0,204698.08916849,1110000,39500,1828
"E07000061",1,198418.166666667,1050000,19700,3228
"E07000061",2,249298.597153332,29900000,9500,4637
"E07000061",3,239501.795363908,4200000,7500,4012
"E07000062",0,161849.774733638,655000,1889,1314
"E07000062",1,165347.731543624,775000,19950,2533
"E07000062",2,180777.701759208,6649000,11000,3638
"E07000062",3,200563.492419825,4200000,200,3430
"E07000063",0,268877.522342995,2750000,10000,1656
"E07000063",1,272316.310025543,2725000,35000,3132
"E07000063",2,319094.238155242,9800000,2500,3968
"E07000063",3,331978.14437299,3950000,13200,3110
"E07000064",0,251138.046072061,1600000,39999,1693
"E07000064",1,245639.400502197,2725000,19995,3186
"E07000064",2,259390.874735107,1675000,4000,4247
"E07000064",3,297351.24061926,4230000,4500,3811
"E07000065",0,302043.954298993,3000000,38000,2582
"E07000065",1,287357.775014686,3650000,42500,5107
"E07000065",2,309362.13907496,4725000,30000,6270
"E07000065",3,344370.887724249,4675000,1476,4961
"E07000066",0,225962.083443127,2175000,31250,2277
"E07000066",1,218723.920436094,1900000,33250,4311
"E07000066",2,326830.304026294,88232909,25000,6085
"E07000066",3,284835.363903155,7163092,17000,5452
"E07000067",0,222785.06743567,2350000,6200,2254
"E07000067",1,218040.330482115,1675000,25000,3858
"E07000067",2,237824.21319133,7637000,5000,5352
"E07000067",3,275935.163990365,9170000,8000,4982
"E07000068",0,347617.439935065,2100000,40000,1232
"E07000068",1,346549.288849868,3525000,28000,2278
"E07000068",2,404268.492053401,77940000,32750,3146
"E07000068",3,453200.514876033,8500000,6999,2420
"E07000069",0,212553.14212766,1100000,20000,1175
"E07000069",1,210152.414009662,1499950,42000,2070
"E07000069",2,232095.066945607,1400000,19000,3107
"E07000069",3,278656.417284866,3600946,36996,2696
"E07000070",0,260019.882037534,3275000,17500,2611
"E07000070",1,253827.098527501,1675000,33750,4618
"E07000070",2,297449.406944216,34375000,28000,6077
"E07000070",3,346235.979415904,26270718,5000,5684
"E07000071",0,203976.186579938,1550000,15000,2921
"E07000071",1,205413.057709487,2200000,29500,5597
"E07000071",2,227161.140273312,13710000,15000,7464
"E07000071",3,267516.287318461,18800000,2500,6679
"E07000072",0,352824.119170984,3735000,40000,1930
"E07000072",1,357618.598950743,3050000,42250,3431
"E07000072",2,404462.71217468,3500000,35537,4534
"E07000072",3,485571.468970935,12300000,3250,3819
"E07000073",0,188837.134854772,850000,35000,964
"E07000073",1,191156.612550374,750000,34000,1737
"E07000073",2,219078.1394081,6950300,24300,2568
"E07000073",3,271667.59339207,22000000,10000,2270
"E07000074",0,244437.753045404,2900000,45900,903
"E07000074",1,246773.213518636,3500000,50000,1583
"E07000074",2,271256.19971333,3675000,30000,2093
"E07000074",3,318538.191437008,2545000,29700,2032
"E07000075",0,242887.522553191,1000000,50000,1175
"E07000075",1,235184.555505211,1425000,44000,2207
"E07000075",2,257734.766924891,1695000,42000,2969
"E07000075",3,316498.458367017,2823713,40000,2474
"E07000076",0,175981.241886629,1500000,20000,2311
"E07000076",1,170689.352983988,1525000,10000,4122
"E07000076",2,180054.252250778,2310000,19995,6109
"E07000076",3,206282.584595729,7250000,6000,5479
"E07000077",0,335878.014403292,3100000,36000,1458
"E07000077",1,330983.118515714,2795000,33000,2641
"E07000077",2,355400.832174176,3100000,10000,3307
"E07000077",3,405941.614612188,3475000,8000,2888
"E07000078",0,256228.173573866,2500000,40000,2051
"E07000078",1,246211.92875685,1675000,36500,3467
"E07000078",2,289072.015549273,21755000,2000,4952
"E07000078",3,304973.920220083,17010000,2000,4362
"E07000079",0,349798.39212828,2600000,43500,1372
"E07000079",1,334588.892410016,3300000,37500,2556
"E07000079",2,368143.683338355,31345000,1000,3319
"E07000079",3,392210.435091278,9000000,4000,2958
"E07000080",0,207943.620517928,810000,36000,1004
"E07000080",1,193011.135849057,995000,4500,1855
"E07000080",2,196654.809469697,1000000,10000,2640
"E07000080",3,223923.472950127,13100000,33000,2366
"E07000081",0,155260.63087886,550000,33500,2105
"E07000081",1,152938.840450771,550000,33750,3372
"E07000081",2,177839.484168589,28856997,31500,4769
"E07000081",3,189714.260038703,5300000,7500,4134
"E07000082",0,240077.720835752,1500000,40000,1723
"E07000082",1,236512.00190779,3500000,40000,3145
"E07000082",2,248979.741705633,19972500,34000,4491
"E07000082",3,310174.530860781,6560000,11840,3613
"E07000083",0,232323.692252511,1650000,32000,1394
"E07000083",1,226409.642294221,3404000,46000,2284
"E07000083",2,256976.921952736,24250000,43900,3216
"E07000083",3,275482.372406981,13247223,7500,3037
"E07000084",0,249041.82728234,3550000,34500,2837
"E07000084",1,252144.043356944,2950000,47250,4659
"E07000084",2,286952.382154618,39957884,10000,6377
"E07000084",3,323815.992854307,22683800,1000,5038
"E07000085",0,326659.050653595,1950000,46500,1836
"E07000085",1,322842.499388379,2925000,35000,3270
"E07000085",2,346464.173060884,3250000,20000,4796
"E07000085",3,386533.535760728,6700000,2800,3845
"E07000086",0,222865.930430165,875000,31875,1883
"E07000086",1,231629.730572887,1225000,42500,3526
"E07000086",2,250605.181799507,31250000,10000,4868
"E07000086",3,302790.397535831,18964000,7500,3977
"E07000087",0,232670.277376655,2450000,34000,1662
"E07000087",1,234890.124422633,1425000,42000,3464
"E07000087",2,257722.259048971,19972500,15000,4227
"E07000087",3,332743.585293323,52532210,9000,3699
"E07000088",0,167411.410878661,830000,29000,1195
"E07000088",1,168220.695442594,900000,35500,2282
"E07000088",2,179785.059725849,4004920,20000,3064
"E07000088",3,197658.129353234,5082500,10000,2613
"E07000089",0,325005.927486188,1700000,48750,1448
"E07000089",1,348711.407519939,3200000,58000,2633
"E07000089",2,377933.671269095,23600000,46000,3404
"E07000089",3,433754.891713437,5768000,12500,3029
"E07000090",0,216723.679581796,985000,17500,1626
"E07000090",1,212567.977708116,2400000,29000,2871
"E07000090",2,248166.836563157,18153539,28800,4283
"E07000090",3,262039.270305563,7567000,15000,3829
"E07000091",0,288918.871373308,2500000,31000,3102
"E07000091",1,292035.348985507,2148000,40000,5175
"E07000091",2,316309.018529412,19972500,1188,6800
"E07000091",3,355883.147467037,22980000,1,5764
"E07000092",0,215059.080599144,680000,44000,1402
"E07000092",1,212548.695599516,1260000,54000,2477
"E07000092",2,238335.915615363,11342155,3400,3567
"E07000092",3,369240.114886165,36139000,40000,2855
"E07000093",0,286820.294437727,1785000,48000,1654
"E07000093",1,285839.826799486,2400000,60000,3112
"E07000093",2,300761.492776524,10050000,40000,4430
"E07000093",3,334563.576359833,28500000,4000,3824
"E07000094",0,355938.406797116,1870000,33750,1942
"E07000094",1,363568.969605778,3210000,58000,3323
"E07000094",2,409903.623523964,28290000,40000,4319
"E07000094",3,448892.137426901,17010000,1000,3420
"E07000095",0,251433.144211239,1650000,50000,1477
"E07000095",1,249557.739060618,1325000,50000,2491
"E07000095",2,274900.401301518,2087000,1000,3227
"E07000095",3,339271.70108088,4000000,2030,2683
"E07000096",0,313376.413980745,3100000,38250,2389
"E07000096",1,316083.374126716,3000000,38750,4151
"E07000096",2,370481.222124361,60600000,5000,5677
"E07000096",3,428805.641722863,7750000,1000,4597
"E07000098",0,376030.591194969,3950000,3000,1431
"E07000098",1,363240.163170163,3875000,53750,2574
"E07000098",2,464635.223350254,37000000,25000,3546
"E07000098",3,516386.088022092,32229079,2250,2897
"E07000099",0,269002.994129158,2250000,35500,2044
"E07000099",1,266431.399354144,2150000,40500,3716
"E07000099",2,300083.324273072,8150000,2500,4746
"E07000099",3,354440.612366526,9500000,500,4027
"E07000102",0,390878.28045977,3550000,48500,1305
"E07000102",1,395777.452265372,2900000,47500,2472
"E07000102",2,469915.302749361,38100000,11999,3128
"E07000102",3,523035.443879712,5000000,5000,2361
"E07000103",0,248349.780128205,980000,35000,1560
"E07000103",1,257400.826055834,1225000,15000,2794
"E07000103",2,299168.043760587,7490000,12000,3542
"E07000103",3,401492.063773585,27000000,9600,2650
"E07000105",0,228583.78126557,1750000,28500,2007
"E07000105",1,225676.792605951,3350000,28350,3327
"E07000105",2,263910.973671838,20900000,9000,4254
"E07000105",3,283541.882923368,6876345,5500,4228
"E07000106",0,230508.725112659,1090000,28605,2441
"E07000106",1,229134.253747795,3800000,23125,4536
"E07000106",2,249531.269592476,5500000,100,6061
"E07000106",3,301239.035277028,37349500,2000,4819
"E07000107",0,210179.075092937,1075000,34500,1345
"E07000107",1,214896.358595194,1237500,28500,2705
"E07000107",2,251843.43,10750000,25000,4000
"E07000107",3,299219.641455116,16163541,4500,3821
"E07000108",0,198445.66710013,1600000,30000,1538
"E07000108",1,187659.938267717,1505000,23750,3175
"E07000108",2,206059.666746469,1995000,24000,4177
"E07000108",3,235611.998250875,3780000,15000,4002
"E07000109",0,207989.911564626,1750000,31250,1176
"E07000109",1,206081.706076307,1140000,5000,2123
"E07000109",2,228459.938978402,3000000,15000,2917
"E07000109",3,282550.442542787,12509500,1000,2454
"E07000110",0,234550.202033599,1350000,35000,2262
"E07000110",1,230080.817564403,1550000,31250,4270
"E07000110",2,255272.149592343,12300000,30000,5642
"E07000110",3,310944.007361719,66205000,2000,5026
"E07000111",0,387006.429301533,4750000,10000,1761
"E07000111",1,405548.702749141,3473500,31250,2910
"E07000111",2,420417.69726206,6790000,15000,3835
"E07000111",3,486035.737909516,30035000,4200,3205
"E07000112",0,205990.322159091,977500,23365,1760
"E07000112",1,200557.589674824,1110000,20000,2983
"E07000112",2,225530.587166785,29252000,9500,4239
"E07000112",3,242750.55528389,2600000,3500,3681
"E07000113",0,180874.372367745,1592500,17995,1947
"E07000113",1,179610.907438955,1600000,30000,3522
"E07000113",2,200619.383179487,6400000,10000,4875
"E07000113",3,231321.841457859,6690000,1000,4390
"E07000114",0,174196.399437412,1225000,20000,2133
"E07000114",1,170002.137913615,1110000,20000,3959
"E07000114",2,191774.549044356,17135000,7500,5546
"E07000114",3,214954.886018237,3525000,500,5264
"E07000115",0,296730.325925926,2750000,40125,1890
"E07000115",1,286983.944140512,3300000,32750,3473
"E07000115",2,327758.765745167,12800000,20000,4811
"E07000115",3,368265.042892157,10741153,6000,4080
"E07000116",0,335748.741525424,2730000,29000,1888
"E07000116",1,329734.162406015,3000000,43750,3325
"E07000116",2,360602.795,9000000,10000,4200
"E07000116",3,429320.422917243,12499999,1000,3613
"E07000117",0,89092.3345388788,425000,11000,1106
"E07000117",1,91157.1320754717,615000,7000,1855
"E07000117",2,92723.2765957447,4050000,5000,2679
"E07000117",3,101289.455092071,6650000,500,2661
"E07000118",0,170034.160714286,1600000,40000,1624
"E07000118",1,168620.788609715,1500000,18000,2985
"E07000118",2,177884.059824369,9650000,2590,3644
"E07000118",3,187379.338598507,3357387,500,3482
"E07000119",0,198369.611744084,1420000,17500,1141
"E07000119",1,190564.33921371,1650000,22500,1984
"E07000119",2,201768.71200272,3750000,950,2941
"E07000119",3,210971.066103562,2256273,705,2723
"E07000120",0,98011.7558635395,635000,13000,938
"E07000120",1,98768.1234711706,575000,10000,1717
"E07000120",2,101653.19845028,3902021,10000,2323
"E07000120",3,120941.692203695,17500000,12000,2219
"E07000121",0,153609.71751129,1250000,20000,1993
"E07000121",1,148075.171987345,1237892,10000,3477
"E07000121",2,161992.04441651,8590000,19950,4773
"E07000121",3,176549.763326752,4475000,9000,4052
"E07000122",0,110669.068872987,745000,14250,1118
"E07000122",1,107652.036113937,900000,10000,1966
"E07000122",2,129107.503790751,35750000,1000,2638
"E07000122",3,116398.932061979,1200000,5000,2517
"E07000123",0,136370.377369668,985000,14500,1688
"E07000123",1,137118.42340347,925000,13750,2709
"E07000123",2,153998.823903002,17500000,7500,3464
"E07000123",3,164337.762198888,10198453,5000,3238
"E07000124",0,216440.970752089,1800000,25000,718
"E07000124",1,218513.830427892,3000000,24000,1262
"E07000124",2,228419.28499242,4765000,15000,1979
"E07000124",3,241543.046967895,14310687,150,1682
"E07000125",0,128953.365661861,970000,10700,763
"E07000125",1,127161.461197339,1350000,3000,1353
"E07000125",2,132789.238749408,1100000,18500,2111
"E07000125",3,144162.828006088,3308000,9000,1971
"E07000126",0,161301.295532646,745000,30000,1455
"E07000126",1,151981.969987995,1040000,23500,2499
"E07000126",2,171344.19278406,10520000,21300,3714
"E07000126",3,178371.614983113,13285224,20000,3257
"E07000127",0,193415.962536023,1700000,15000,1041
"E07000127",1,187261.078165711,3250000,20200,1919
"E07000127",2,189545.672680412,1600000,9200,2716
"E07000127",3,216674.34215725,13285244,1500,2531
"E07000128",0,160004.255447032,935000,23750,1331
"E07000128",1,155584.343879473,1075000,18000,2655
"E07000128",2,157647.50721709,3902021,15500,3464
"E07000128",3,167267.796296296,16650000,1000,3186
"E07000129",0,175051.052453469,760000,25000,1182
"E07000129",1,175995.260146104,1280000,40000,2464
"E07000129",2,215203.592550143,34550000,20000,3490
"E07000129",3,218311.232153752,3500000,31250,3278
"E07000130",0,184554.25032538,2000000,24875,2305
"E07000130",1,184101.477201609,2500000,15000,4474
"E07000130",2,200364.547204864,6012000,25000,5921
"E07000130",3,217631.304006284,3450000,7600,5092
"E07000131",0,238051.385061639,1350000,31000,1379
"E07000131",1,229751.528080808,2650000,38250,2475
"E07000131",2,290328.342818057,52160600,19950,3655
"E07000131",3,272329.988606771,4158000,15000,3072
"E07000132",0,177584.40730136,1330000,26500,1397
"E07000132",1,171130.499818116,1280000,30000,2749
"E07000132",2,196570.489597467,38500000,25000,4422
"E07000132",3,205397.635175136,9500000,20000,4054
"E07000133",0,196382.407682776,1405000,50000,807
"E07000133",1,196252.698496241,1150000,40000,1330
"E07000133",2,209471.428246014,7790539,25000,1756
"E07000133",3,229034.911660777,4200000,34950,1415
"E07000134",0,172999.210056772,1230000,30000,1233
"E07000134",1,166722.111204718,960000,38500,2374
"E07000134",2,190643.834420881,4750000,7429,3678
"E07000134",3,235298.68598301,50965532,7500,3296
"E07000135",0,172300.799701046,875000,29950,669
"E07000135",1,171252.659727782,990000,31500,1249
"E07000135",2,183328.596547315,5820000,34750,1564
"E07000135",3,202269.415118514,2949999,48000,1561
"E07000136",0,128034.408045977,900000,15000,870
"E07000136",1,131410.311154599,688000,24375,1533
"E07000136",2,141565.307729703,4232055,10000,2057
"E07000136",3,166946.414255091,16527656,4500,1866
"E07000137",0,151415.782478845,695000,15000,2009
"E07000137",1,146438.837424199,725000,15750,3463
"E07000137",2,156422.276961292,3600000,9000,4831
"E07000137",3,186583.99741784,37805019,2750,4260
"E07000138",0,128152.941403238,635000,6500,1297
"E07000138",1,129718.087466869,675000,10000,2641
"E07000138",2,152005.376359473,21755000,16000,3494
"E07000138",3,166876.515033948,5874000,15000,3093
"E07000139",0,163567.645857643,700000,15000,1714
"E07000139",1,162363.047113885,1250000,20000,3205
"E07000139",2,176482.194128357,11150000,18000,4394
"E07000139",3,193762.614422369,3926666,1000,4077
"E07000140",0,150730.008507347,885000,27500,1293
"E07000140",1,146327.324459235,810000,14000,2404
"E07000140",2,163196.68203953,21000000,20000,3491
"E07000140",3,175073.413895291,3000000,25000,3037
"E07000141",0,180836.960775473,980000,10000,2218
"E07000141",1,177328.537253925,1600000,21000,4013
"E07000141",2,204703.179806848,27600000,25000,5695
"E07000141",3,224301.892554992,30650000,9500,4728
"E07000142",0,163882.417335474,960000,10000,1246
"E07000142",1,153942.892092617,900000,15000,2289
"E07000142",2,160759.055747126,2023678,6000,3480
"E07000142",3,178175.950238582,3982000,22000,2934
"E07000143",0,183191.416539828,1370000,28750,1971
"E07000143",1,176034.337493362,1250000,22800,3766
"E07000143",2,191930.340618956,5600000,22500,5170
"E07000143",3,216863.75772286,20750000,12000,4532
"E07000144",0,201320.73814329,1050000,36125,1982
"E07000144",1,197546.985539488,1830000,29375,3596
"E07000144",2,220822.584581006,16299971,20000,4475
"E07000144",3,243920.165091994,4725000,10000,4022
"E07000145",0,147813.115328467,680000,27000,1370
"E07000145",1,146623.415487094,1000000,21000,2402
"E07000145",2,163208.703330278,24550000,3333,3273
"E07000145",3,166876.574299835,4750000,6000,3035
"E07000146",0,183358.706299911,1400000,28421,2254
"E07000146",1,177441.633144476,3147300,30600,4236
"E07000146",2,195997.768281938,3000000,7500,5675
"E07000146",3,221124.584233041,17010000,17500,4909
"E07000147",0,210642.268850754,2200000,20000,1923
"E07000147",1,203927.86118639,1850000,20000,3321
"E07000147",2,224374.045640474,4349687,2500,4645
"E07000147",3,248735.130467762,4052672,8000,3955
"E07000148",0,167630.819138277,1052000,20250,1996
"E07000148",1,164884.998895638,900000,20000,3622
"E07000148",2,195151.781476122,7200000,3000,4837
"E07000148",3,222672.032603285,43529821,3000,4018
"E07000149",0,212582.987614679,1473403,30000,2180
"E07000149",1,204406.513473054,1450000,15000,4008
"E07000149",2,220509.196241417,3640300,12000,5534
"E07000149",3,250201.682392777,8470000,7000,4430
"E07000150",0,130838.066433566,475000,27500,858
"E07000150",1,133894.392367323,470000,26000,1677
"E07000150",2,144982.738309738,1700000,1000,2331
"E07000150",3,199816.319718928,69200000,40000,2277
"E07000151",0,230034.537068966,1350000,40000,1160
"E07000151",1,224921.3505,2000000,34000,2000
"E07000151",2,244328.830621056,4600000,31750,3011
"E07000151",3,277318.570965418,6600000,6500,2776
"E07000152",0,189100.126168224,1050000,31250,1284
"E07000152",1,185459.560802834,2300000,31000,2541
"E07000152",2,194608.448962423,6480000,10000,3566
"E07000152",3,231171.202324195,35350000,2250,3356
"E07000153",0,153618.165276725,900000,25000,1319
"E07000153",1,157354.722819594,3600000,21000,2511
"E07000153",2,166507.009100364,4142400,10700,3846
"E07000153",3,209899.637744593,63210000,9000,3884
"E07000154",0,154771.742024965,935000,20000,2884
"E07000154",1,158938.817930781,1150000,24000,5432
"E07000154",2,185101.271165493,20555999,22500,8091
"E07000154",3,199935.259427239,14400000,10000,7717
"E07000155",0,254303.50310559,1440000,41000,1288
"E07000155",1,249946.254869457,1700000,38750,2413
"E07000155",2,280871.333030578,7648046,41000,3303
"E07000155",3,315391.348660271,3619999,10000,3023
"E07000156",0,158338.154302671,1300000,23125,1011
"E07000156",1,158673.265784726,1725000,22500,1663
"E07000156",2,177820.881320518,7000000,3500,2393
"E07000156",3,199588.677980853,3000000,3000,2298
"E07000163",0,216986.470588235,1195000,47000,850
"E07000163",1,207482.118028534,1475000,33750,1542
"E07000163",2,210420.548698168,3351000,25000,2074
"E07000163",3,222871.428648358,2210000,6000,1857
"E07000164",0,235849.569565217,1408000,45000,1150
"E07000164",1,237079.224790949,1450000,30000,2033
"E07000164",2,240431.043675751,5000000,35000,2862
"E07000164",3,246932.663174859,4500000,5000,2482
"E07000165",0,274699.227402863,3850000,20000,2445
"E07000165",1,265267.066144273,2850000,35000,4339
"E07000165",2,280391.168222741,7750000,4000,5998
"E07000165",3,322181.147569783,7500000,1500,5123
"E07000166",0,240576.039927405,1450000,34500,551
"E07000166",1,212718.546812749,2250000,10000,1004
"E07000166",2,211451.477096547,1380000,15000,1419
"E07000166",3,231309.902755267,4178219,2500,1234
"E07000167",0,230329.68,1991500,43100,700
"E07000167",1,219909.579528719,2500000,48000,1358
"E07000167",2,218901.34687333,1220000,30000,1871
"E07000167",3,236713.671974522,2520000,11000,1570
"E07000168",0,165546.770383693,950000,27500,1668
"E07000168",1,159909.744397532,1050000,29000,3079
"E07000168",2,162152.470182941,5560000,8000,4209
"E07000168",3,176435.799949609,14000000,15000,3969
"E07000169",0,177902.055329536,895000,30000,1229
"E07000169",1,185182.735814798,1150000,12121,2203
"E07000169",2,185568.141625207,1573669,35000,3015
"E07000169",3,224068.148696265,27420000,1000,2838
"E07000170",0,120022.909820877,465000,20000,1619
"E07000170",1,121248.011030679,475000,25500,2901
"E07000170",2,134197.602205882,10600000,17000,4080
"E07000170",3,141800.474752872,4350000,1000,3743
"E07000171",0,144200.463994061,790000,22500,1347
"E07000171",1,139987.344262295,1200000,22000,2562
"E07000171",2,147798.769548539,2137520,12500,3389
"E07000171",3,159809.008408595,3536080,1000,3211
"E07000172",0,153161.508698678,1500000,34000,1437
"E07000172",1,149182.381654676,1300000,30000,2780
"E07000172",2,164921.179274907,10484000,13000,3503
"E07000172",3,188836.163525836,5869999,28000,3290
"E07000173",0,159202.41020794,1025000,24750,1587
"E07000173",1,154061.395166558,1250000,20000,3062
"E07000173",2,163230.82680122,3850000,12000,4261
"E07000173",3,178776.607537546,5180000,100,3529
"E07000174",0,119296.456505004,560000,23750,1299
"E07000174",1,113980.11928934,549995,22500,2364
"E07000174",2,134719.895621919,13862263,20000,3449
"E07000174",3,141517.140115163,13000000,3000,3126
"E07000175",0,170926.054409006,1100000,30000,1599
"E07000175",1,167379.146593255,1650000,25000,2906
"E07000175",2,176681.866987952,4200000,1000,4150
"E07000175",3,194188.821153846,8000000,500,3640
"E07000176",0,229646.712609971,1300000,35000,1705
"E07000176",1,224117.945289643,1450000,25000,3418
"E07000176",2,242065.644343458,21145579,27000,4181
"E07000176",3,277366.913504464,8096069,3000,3584
"E07000177",0,249747.463610586,3500000,60000,2116
"E07000177",1,251464.769271383,2350000,50000,3788
"E07000177",2,284998.741427247,17500000,4060,5395
"E07000177",3,321589.071075402,7275000,5000,4854
"E07000178",0,347851.938102486,3655000,15000,1971
"E07000178",1,360412.36381323,4130000,33750,3084
"E07000178",2,434206.32227616,38760000,5000,3708
"E07000178",3,495520.594958564,22700000,100,2896
"E07000179",0,366836.42095328,3000000,58750,2119
"E07000179",1,354212.60678392,3600000,64000,3980
"E07000179",2,385646.586108468,10500000,45000,5255
"E07000179",3,461622.208919628,24174000,4400,4193
"E07000180",0,306996.073157895,2000000,46500,1900
"E07000180",1,302094.632834871,3690000,60000,3143
"E07000180",2,343009.717908788,32200000,41750,4495
"E07000180",3,383374.237803321,33753892,100,3915
"E07000181",0,286078.031843575,8000000,60000,1790
"E07000181",1,291070.943624161,3800000,36250,2980
"E07000181",2,315009.26520225,9140799,14000,3733
"E07000181",3,358076.804327076,5250000,18499,3143
"E07000187",0,222359.513467049,1355000,35000,1745
"E07000187",1,218672.099272842,4900000,35000,3163
"E07000187",2,235947.447325391,5115700,6500,4281
"E07000187",3,259726.904630651,3582000,10000,3628
"E07000188",0,192452.050248482,985000,30600,1811
"E07000188",1,187926.191891055,1225000,29523,3231
"E07000188",2,198660.510245902,8240000,3500,4392
"E07000188",3,227449.72870249,41100000,10000,3815
"E07000189",0,207033.532007952,1362500,30000,2515
"E07000189",1,208285.705461056,1760000,30000,4468
"E07000189",2,214567.195497434,3000000,21000,6041
"E07000189",3,237056.04122166,13160000,17000,5337
"E07000190",0,213410.516201117,1450000,33000,1790
"E07000190",1,209322.916337085,1450000,32000,3287
"E07000190",2,238799.838546458,26779964,20000,4348
"E07000190",3,236176.246425167,14710000,10000,4196
"E07000191",0,225367.042477876,935000,60000,565
"E07000191",1,226342.850401606,2000000,30000,996
"E07000191",2,235448.205998421,4450000,14000,1267
"E07000191",3,233780,2050000,20850,1191
"E07000192",0,136972.334415584,500000,32500,924
"E07000192",1,138212.77431694,650000,23000,1830
"E07000192",2,155339.104403409,9858000,25000,2816
"E07000192",3,167247.158153613,7600000,4500,2643
"E07000193",0,166893.943356643,1225000,22000,1430
"E07000193",1,160658.553703704,1950000,28000,2700
"E07000193",2,175760.267656951,3540007,12000,3568
"E07000193",3,198062.811606882,6999999,15000,3429
"E07000194",0,231071.15274463,1500000,29500,1257
"E07000194",1,214117.686695279,1925000,21000,2330
"E07000194",2,235787.54073857,11053429,10000,3412
"E07000194",3,272264.943473792,25700000,3000,2919
"E07000195",0,145415.667394469,1050000,36000,1374
"E07000195",1,143199.119469027,2512000,23600,2712
"E07000195",2,160992.641257996,21755000,500,3752
"E07000195",3,162579.669956817,4180000,500,3242
"E07000196",0,211273.82146161,1025000,45600,1081
"E07000196",1,203202.277832512,1720000,32000,2030
"E07000196",2,224118.3875803,33000000,25000,2802
"E07000196",3,230116.258879242,3099755,4945,2534
"E07000197",0,182707.833646029,1100000,35000,1599
"E07000197",1,182837.993925076,1650266,20000,2963
"E07000197",2,196015.695673193,8633104,6500,4137
"E07000197",3,216291.102386451,9539259,2000,3897
"E07000198",0,157789.459677419,870000,30000,1116
"E07000198",1,156899.212755599,738000,31250,2054
"E07000198",2,162308.494578524,1250000,20000,2859
"E07000198",3,176505.191497093,2868597,15000,2752
"E07000199",0,148606.774468085,428000,4880,705
"E07000199",1,146293.46914446,420000,30000,1426
"E07000199",2,175675.696729435,24050000,27000,2018
"E07000199",3,174833.711171662,3200000,5000,1835
"E07000200",0,245755.649635037,2300000,15000,1370
"E07000200",1,233790.796092796,2600000,31875,2457
"E07000200",2,252791.689094388,8360000,3000,3136
"E07000200",3,287363.627057407,8135175,3150,2491
"E07000201",0,176651.816326531,1050000,31250,1078
"E07000201",1,175091.007265179,1425000,31250,1927
"E07000201",2,208443.866276803,18243199,24375,2565
"E07000201",3,216373.814655172,6159524,30000,2320
"E07000202",0,147282.80433633,824000,3500,1891
"E07000202",1,153274.361384661,1430000,35000,3351
"E07000202",2,173517.471009772,11137500,5000,4605
"E07000202",3,222702.331067961,47525000,12000,4120
"E07000203",0,220011.517027864,2100000,21500,1615
"E07000203",1,211492.407917384,1410000,26250,2905
"E07000203",2,229200.426294821,3400000,25000,3765
"E07000203",3,260439.980674746,7442041,3000,3053
"E07000204",0,214958.153132251,1450000,35200,1724
"E07000204",1,216308.982786619,1820000,36120,3079
"E07000204",2,240950.201077639,3750000,24000,4083
"E07000204",3,295712.247388839,50965532,100,3351
"E07000205",0,251496.922488038,2500000,15000,2090
"E07000205",1,244651.746186218,2450000,37500,3802
"E07000205",2,262261.389073536,3075000,36000,4814
"E07000205",3,288534.758360055,2000000,4720,4366
"E07000206",0,174634.944444444,1710000,17000,1728
"E07000206",1,168003.885448916,1900000,35000,3230
"E07000206",2,176305.949379179,6650000,10000,4188
"E07000206",3,192844.080763984,2694270,5000,3665
"E07000207",0,568645.41065357,11500000,46250,2647
"E07000207",1,603610.919304129,12500000,23000,4771
"E07000207",2,699763.458774139,44500000,3000,5955
"E07000207",3,756252.603782735,48313732,1000,4124
"E07000208",0,349659.627636364,5600000,30000,1375
"E07000208",1,355567.93995098,2310000,68000,2448
"E07000208",2,401661.056546617,6683855,13500,2971
"E07000208",3,478168.776572668,10647271,10000,2305
"E07000209",0,407101.668177697,4675000,25000,2206
"E07000209",1,400792.347978033,4250000,45000,4006
"E07000209",2,460900.890278917,49100000,5000,4876
"E07000209",3,527139.170306812,17010000,35000,3846
"E07000210",0,425236.09700428,3350000,30000,1402
"E07000210",1,418943.53427896,2675000,46000,2538
"E07000210",2,468566.535666667,4500000,12000,3000
"E07000210",3,546203.151930262,20827038,600,2409
"E07000211",0,360465.794691647,3000000,39250,2562
"E07000211",1,344855.688918264,4400000,40000,4539
"E07000211",2,406075.814510724,48900000,3000,5968
"E07000211",3,452097.956530958,9300000,8500,4716
"E07000212",0,358126.605742297,6450000,6000,1428
"E07000212",1,371170.819645068,11500000,2204,2423
"E07000212",2,441215.766521302,28000000,30000,2981
"E07000212",3,466155.466371325,25050000,9600,2483
"E07000213",0,277389.48602989,1500000,15500,1539
"E07000213",1,279255.748468606,1500000,40000,2612
"E07000213",2,345894.648153141,22932325,41000,3709
"E07000213",3,404423.719915552,22186372,2400,2842
"E07000214",0,336236.638228056,2825000,51000,1219
"E07000214",1,338565.074668808,5500000,13000,2491
"E07000214",2,417457.945677377,25450000,23500,3019
"E07000214",3,464736.242306194,37500000,14850,2567
"E07000215",0,385751.24351145,2000000,3000,1310
"E07000215",1,366663.559308072,2400000,50000,2428
"E07000215",2,414226.760436137,4007507,16750,3210
"E07000215",3,487718.041560335,66205000,1500,2743
"E07000216",0,418600.150155486,5500000,32500,2251
"E07000216",1,424354.450665942,7600000,39000,3679
"E07000216",2,470127.367779204,45700000,12825,4674
"E07000216",3,518290.033181697,14000000,3000,3737
"E07000217",0,341633.553155202,2662120,25000,1759
"E07000217",1,339022.493919551,3800000,50000,3207
"E07000217",2,417445.432655955,61500000,30000,4232
"E07000217",3,462346.339065542,13285224,4600,3082
"E07000218",0,170333.959666203,916000,10000,719
"E07000218",1,166415.803600655,925000,48500,1222
"E07000218",2,194345.49091941,15679200,29500,1762
"E07000218",3,201224.862881628,2500000,286,1867
"E07000219",0,141263.275217101,720000,33500,1497
"E07000219",1,138761.548399537,725000,26500,2593
"E07000219",2,154892.884563758,10041205,2477,3725
"E07000219",3,178160.409871245,17470000,25000,3728
"E07000220",0,184372.113156101,1100000,20000,1467
"E07000220",1,184811.58401487,2200000,32000,2690
"E07000220",2,207236.513684211,5987634,19806,3800
"E07000220",3,231224.423723537,6100000,25000,3212
"E07000221",0,286844.976353127,2750000,30000,1903
"E07000221",1,285765.275297619,3180000,37500,3360
"E07000221",2,310185.879424779,6000000,24998,4520
"E07000221",3,354324.11739235,17800000,37500,4157
"E07000222",0,251280.840225564,2225000,15000,2128
"E07000222",1,243003.355387983,3500000,27025,4111
"E07000222",2,282658.092940293,7201725,9000,5326
"E07000222",3,319811.619439502,16634750,100,4496
"E07000223",0,220446.079637097,895000,57000,992
"E07000223",1,225603.073926074,2135000,20000,2002
"E07000223",2,256188.269633508,6450500,40000,2292
"E07000223",3,305085.46670247,3120000,500,1862
"E07000224",0,239689.600275198,1650000,25000,2907
"E07000224",1,237394.8071244,2700000,27558,5418
"E07000224",2,256506.457732256,5650000,1000,6932
"E07000224",3,291359.268053645,5200000,1500,5816
"E07000225",0,353473.603746398,3000000,18000,2082
"E07000225",1,346046.449133594,3825000,55000,3578
"E07000225",2,390600.276892865,32340000,1500,4583
"E07000225",3,418731.06615637,8800000,3500,3658
"E07000226",0,203573.669902913,775000,39083,1339
"E07000226",1,204614.409917355,1000000,7000,2420
"E07000226",2,259129.792375551,18800000,5000,3174
"E07000226",3,313257.478156175,10496305,1000,2907
"E07000227",0,319214.489116517,4115000,40587,2343
"E07000227",1,325364.085903645,2900000,45000,3923
"E07000227",2,349547.081852358,3200000,2500,5852
"E07000227",3,409821.772832736,52442528,7200,4741
"E07000228",0,297940.17228145,2250000,50000,2345
"E07000228",1,298363.839812332,3300000,10500,4476
"E07000228",2,335043.048952221,24000000,15000,5965
"E07000228",3,382703.291998324,8072903,500,4774
"E07000229",0,218227.0227158,940000,12000,1981
"E07000229",1,216762.132825259,850000,20000,3674
"E07000229",2,240952.324580893,12900000,11150,4951
"E07000229",3,281090.485809683,9428281,7700,4193
"E07000234",0,239354.459671104,1650000,54000,1277
"E07000234",1,236159.242222222,1400000,40000,2250
"E07000234",2,252451.831126802,3000000,3975,3399
"E07000234",3,285073.870394737,18803391,5200,3040
"E07000235",0,248371.49497992,2135000,32500,996
"E07000235",1,238177.561933535,1600000,40000,1986
"E07000235",2,264146.747547974,37532024,36500,2345
"E07000235",3,270864.787458114,4570000,3600,2089
"E07000236",0,165021.05608365,660000,35000,1052
"E07000236",1,162178.115345005,860000,30000,1942
"E07000236",2,178101.320956801,4400000,40000,2801
"E07000236",3,235391.203138622,50965532,7000,2294
"E07000237",0,174575.537673738,750000,20625,1367
"E07000237",1,177681.51738632,880000,35375,2617
"E07000237",2,195298.855555556,8399201,22000,3600
"E07000237",3,213646.160049246,7429750,334,3249
"E07000238",0,249258.3550447,2262500,35000,1566
"E07000238",1,237904.839106507,5000000,50000,3089
"E07000238",2,262371.36791148,24950129,16000,4338
"E07000238",3,276843.847374847,11576997,5000,4095
"E07000239",0,175975.051517939,2900000,24000,1087
"E07000239",1,171484.571623465,2725960,3000,2199
"E07000239",2,184430.48448,10787925,5000,3125
"E07000239",3,188066.71103777,1650000,8000,2727
"E07000240",0,424290.123628383,2870000,22500,2734
"E07000240",1,429281.923572349,4000000,52500,4658
"E07000240",2,488596.453649256,21900000,6000,5782
"E07000240",3,556633.697775739,16000000,100,4361
"E07000241",0,318812.282562278,3350000,36250,1405
"E07000241",1,308491.612749004,4125000,49000,2510
"E07000241",2,348313.519955959,10680000,38750,3633
"E07000241",3,429066.452170844,16790000,1000,2833
"E07000242",0,312006.027317881,3000000,10000,2416
"E07000242",1,317665.873347753,3650000,53250,4161
"E07000242",2,348269.152196653,9500000,6000,5736
"E07000242",3,406548.336361759,7045974,3000,4843
"E07000243",0,187443.184842884,1030000,50750,1082
"E07000243",1,188704.644385027,1455000,39200,1870
"E07000243",2,216337.624949698,10000001,23000,2485
"E07000243",3,283132.355182302,39517577,1800,2441
"E08000001",0,131308.498261474,2250000,13200,2876
"E08000001",1,125711.600469116,1260000,14000,5116
"E08000001",2,138419.253182461,14250000,11750,7070
"E08000001",3,155264.33313627,26600000,2351,6766
"E08000002",0,147073.853861193,1800000,20000,2046
"E08000002",1,139870.981905269,1350000,10200,3758
"E08000002",2,167778.326323294,52000000,17500,5611
"E08000002",3,169016.045627376,9331456,900,5260
"E08000003",0,145711.58311392,1200000,11300,5697
"E08000003",1,146223.162337662,3112313,10000,9086
"E08000003",2,198183.069684018,87459419,10350,13102
"E08000003",3,203729.849321407,50000000,700,12968
"E08000004",0,127255.229119124,980000,9500,2191
"E08000004",1,119974.290526922,750000,10000,3473
"E08000004",2,134859.874876066,11160000,1000,5043
"E08000004",3,140742.136463361,8879650,750,4558
"E08000005",0,123874.279329609,815000,10000,1969
"E08000005",1,124891.427301405,850000,15000,3487
"E08000005",2,142926.388059701,22450000,3500,4824
"E08000005",3,140738.556150835,4100500,255,4853
"E08000006",0,131970.738675958,1000000,20000,2583
"E08000006",1,130980.013683985,2000000,15000,4677
"E08000006",2,140352.923220226,7843172,2000,7515
"E08000006",3,162997.011803202,17500000,14550,8557
"E08000007",0,190798.507300315,1050000,10000,3493
"E08000007",1,187119.481298624,1450000,23750,6684
"E08000007",2,205935.107846235,23200000,14000,9495
"E08000007",3,230997.695982751,11990000,750,8812
"E08000008",0,123325.641364606,552000,13000,2345
"E08000008",1,120636.85731918,970000,15000,4051
"E08000008",2,126475.85769514,2340938,2000,5432
"E08000008",3,141021.938681843,13632733,11457,5447
"E08000009",0,250695.940648059,4100000,20000,3117
"E08000009",1,240674.016876888,6000000,15000,5629
"E08000009",2,300424.577542207,29375000,3350,7641
"E08000009",3,290474.291950281,10000000,100,6758
"E08000010",0,124320.540794662,712500,11500,3297
"E08000010",1,120992.802591204,1000000,15000,5866
"E08000010",2,141519.886867952,42283464,3500,8247
"E08000010",3,146506.180030449,40502996,315,7882
"E08000011",0,115616.456684492,600000,25000,935
"E08000011",1,116007.119725738,500000,20000,1896
"E08000011",2,127268.695547945,6775000,12500,2920
"E08000011",3,133235.704940849,4658013,20000,2874
"E08000012",0,129638.607615894,910000,10000,4228
"E08000012",1,127159.949628406,1420000,6000,7266
"E08000012",2,140052.603998262,26615720,1000,11505
"E08000012",3,165884.444033553,27004199,100,11087
"E08000013",0,131453.67760998,725000,19400,1523
"E08000013",1,120004.17211704,650000,19000,2905
"E08000013",2,133365.372399445,9400000,5200,4326
"E08000013",3,144950.263800684,18475000,360,4094
"E08000014",0,166803.201690357,2150000,15000,2603
"E08000014",1,159444.064429012,1500000,14000,5184
"E08000014",2,163162.454863447,3850000,10000,7433
"E08000014",3,175433.385526691,5150000,500,7006
"E08000015",0,162578.669279469,1150000,22000,3317
"E08000015",1,160725.644796735,2000000,10000,6371
"E08000015",2,163101.115527814,5860000,8000,9132
"E08000015",3,174443.778372591,28700000,1200,8406
"E08000016",0,121718.458131745,1200000,10500,2687
"E08000016",1,117538.961406345,1000000,15000,4949
"E08000016",2,125346.703980479,6690000,5000,6557
"E08000016",3,133599.443438914,18045000,10000,5967
"E08000017",0,128855.187160326,1000000,20000,2944
"E08000017",1,124127.161465893,850000,19000,5512
"E08000017",2,133863.342695925,7920000,4000,7975
"E08000017",3,150098.960474824,14000000,500,7666
"E08000018",0,132576.44387148,1100000,18000,2521
"E08000018",1,130290.950300269,950000,10000,4829
"E08000018",2,142726.183110853,6181000,5000,6892
"E08000018",3,153358.238643634,14500000,1500,6252
"E08000019",0,155042.69136224,1475000,10000,5858
"E08000019",1,152528.997387329,5000000,12000,10717
"E08000019",2,192416.847375265,63280600,5300,14611
"E08000019",3,197808.623904015,39482158,150,13002
"E08000021",0,172339.355441554,1200000,15000,2729
"E08000021",1,165483.705106463,3750000,13000,5307
"E08000021",2,185821.153667532,24680000,630,7321
"E08000021",3,257599.66417799,74937156,4080,6697
"E08000022",0,156019.601644245,840000,13000,2676
"E08000022",1,149248.875197472,1060000,12000,5064
"E08000022",2,160966.553108245,19200000,7015,6901
"E08000022",3,180825.043331647,22625000,1246,5931
"E08000023",0,135587.933096085,825000,19500,1405
"E08000023",1,123885.98944591,745000,12000,2653
"E08000023",2,135964.931886844,3980000,10000,3641
"E08000023",3,144697.985660848,5470000,1000,3208
"E08000024",0,124490.085365854,900000,18000,2460
"E08000024",1,121825.31954262,825000,6500,4810
"E08000024",2,141576.057020887,31369900,8000,6559
"E08000024",3,142988.03471132,23223688,1000,5733
"E08000025",0,159232.62134517,3750000,10000,10363
"E08000025",1,154288.343742966,3550000,4850,17772
"E08000025",2,183091.103151278,87500000,3000,24498
"E08000025",3,201035.135760728,40375000,218,23070
"E08000026",0,139173.728770236,795000,12000,3521
"E08000026",1,137318.748863292,895000,25000,6598
"E08000026",2,159609.209255979,19600000,10000,9032
"E08000026",3,182310.241650988,20425000,1000,8504
"E08000027",0,150976.674327185,885000,15000,3307
"E08000027",1,144711.443692206,1275000,17000,6056
"E08000027",2,155944.290572643,10680000,5000,7998
"E08000027",3,174518.863868852,24400000,1100,7625
"E08000028",0,122102.344941349,680219,10555,2728
"E08000028",1,118581.360538666,560000,15000,4901
"E08000028",2,133879.229570747,5750000,10000,6290
"E08000028",3,138966.685714286,8650000,2000,5985
"E08000029",0,249539.188734455,2555000,11850,2734
"E08000029",1,240247.938433951,2350000,12950,5019
"E08000029",2,297077.62117888,44791502,1600,6837
"E08000029",3,305531.939530235,22099103,6650,6003
"E08000030",0,142606.459427208,710000,11500,2514
"E08000030",1,139110.355284001,835000,6000,4419
"E08000030",2,157402.427191166,7700000,10000,5796
"E08000030",3,166883.100069372,18655112,3350,5766
"E08000031",0,126917.340306122,1200000,28000,1960
"E08000031",1,129605.268814498,897500,7000,3973
"E08000031",2,146877.825141777,9000000,9750,5290
"E08000031",3,155111.16102187,6651000,4854,5167
"E08000032",0,145203.636937941,2225000,10000,5382
"E08000032",1,141404.6518245,1700000,8000,9208
"E08000032",2,150089.782106355,16243403,10000,13502
"E08000032",3,159221.127472878,5895000,270,12536
"E08000033",0,147659.010626186,898000,18500,2635
"E08000033",1,138337.045374059,1400000,15000,4518
"E08000033",2,155981.838010011,44450000,10000,6593
"E08000033",3,157078.102312544,6860000,8000,5708
"E08000034",0,149130.411316649,1250000,12677,4595
"E08000034",1,144931.411179536,1650000,14000,8444
"E08000034",2,151958.049795547,3902021,10000,11005
"E08000034",3,165504.773599386,3425000,250,10424
"E08000035",0,170645.636181798,2550000,13500,8999
"E08000035",1,167977.348065614,2600000,12000,16155
"E08000035",2,185240.60502604,21755000,1950,24194
"E08000035",3,214727.934434434,38859954,100,21978
"E08000036",0,141353.510582011,1650000,16000,3024
"E08000036",1,133261.162086556,800000,18000,6077
"E08000036",2,151701.80758715,13000000,13952,8778
"E08000036",3,156564.306046894,9290000,2500,9724
"E08000037",0,132564.119943556,850000,9000,2126
"E08000037",1,132234.258517034,823575,8050,3992
"E08000037",2,142588.940136305,3370000,2050,5429
"E08000037",3,158223.572364113,16999999,1350,4581
"E09000001",0,534566.456603774,2800000,195000,265
"E09000001",1,542702.188720174,2370000,205000,461
"E09000001",2,2751209.57142857,96264933,3000,945
"E09000001",3,3842228.49892009,86031326,5000,463
"E09000002",0,178915.05346294,457000,47300,1646
"E09000002",1,181244.036684303,520000,45000,2835
"E09000002",2,224606.442377495,51337874,5000,4408
"E09000002",3,282116.791235844,26000000,100,4062
"E09000003",0,446314.92542084,7300000,33000,4693
"E09000003",1,446474.001826373,13750000,26320,8213
"E09000003",2,526376.549402507,63299000,3000,10293
"E09000003",3,593782.038483178,40000000,1000,8887
"E09000004",0,225144.437522377,1135000,47250,2793
"E09000004",1,227490.82487725,995000,30000,5499
"E09000004",2,274575.258964663,50000000,1000,7669
"E09000004",3,319693.243609486,10475900,1000,6494
"E09000005",0,345209.738393515,3100000,22500,2714
"E09000005",1,379276.179689311,3500000,19000,4313
"E09000005",2,484858.054455446,41449999,5000,5858
"E09000005",3,555617.426795324,77500000,1,5389
"E09000006",0,325421.867661892,4550000,40000,4957
"E09000006",1,334974.967665445,4041500,15500,9278
"E09000006",2,388760.703844564,17875000,1000,12095
"E09000006",3,471092.893250902,31498634,7000,9705
"E09000007",0,722385.167876302,16000000,54500,3169
"E09000007",1,763907.161944116,38270160,22000,5082
"E09000007",2,1014892.49162286,67098156,500,6088
"E09000007",3,1352743.82170367,96840522,400,4414
"E09000008",0,255344.808108108,4000000,45600,4070
"E09000008",1,259462.111905417,4225000,10000,7274
"E09000008",2,305462.084510705,33700000,500,11537
"E09000008",3,388458.008507657,75400000,1000,9991
"E09000009",0,352334.900468707,2836775,23000,3627
"E09000009",1,389362.557323351,5300000,35000,6411
"E09000009",2,494067.761587675,28790678,200,7659
"E09000009",3,598620.944554455,60748051,1000,6060
"E09000010",0,286043.409766454,5550000,45000,3297
"E09000010",1,289272.226323371,4850000,31250,5554
"E09000010",2,351293.771023825,73074112,1500,7765
"E09000010",3,434736.888663335,52700000,300,6404
"E09000011",0,295964.022003929,3350000,69000,2545
"E09000011",1,294944.514837065,2950000,51200,5493
"E09000011",2,366531.856396867,52436057,6000,8809
"E09000011",3,443009.505616295,38000000,1000,6677
"E09000012",0,346642.83974359,2300000,34500,2496
"E09000012",1,370521.907966755,2642500,13500,4933
"E09000012",2,522023.568235294,33550000,5000,5950
"E09000012",3,641890.603807981,37346000,5000,4937
"E09000013",0,618264.618948102,4400000,91500,2871
"E09000013",1,666309.818928505,4255000,31250,5357
"E09000013",2,866835.981658822,54900000,500,6161
"E09000013",3,1049944.30693992,73956677,999,4294
"E09000014",0,398835.554763691,5425000,26000,2666
"E09000014",1,418698.840654787,16850000,16200,4826
"E09000014",2,517760.371070263,18000000,5000,5821
"E09000014",3,605399.034979424,24500000,3849,4860
"E09000015",0,331420.829545455,2505000,25000,2552
"E09000015",1,343970.453592146,4450000,29750,4482
"E09000015",2,415397.527961408,13001250,12500,5597
"E09000015",3,494988.992750705,30900000,1000,4966
"E09000016",0,255910.785878489,1950000,23500,3045
"E09000016",1,247051.249360146,2225000,40000,5470
"E09000016",2,280386.378964124,21755000,5000,8167
"E09000016",3,348656.104080762,21700000,1000,7033
"E09000017",0,283743.516321317,3200000,46250,3523
"E09000017",1,293143.080877931,5242500,21000,6652
"E09000017",2,429278.817697228,68314736,1000,7504
"E09000017",3,455483.764527941,55433747,5500,6281
"E09000018",0,346474.064897813,3850000,28000,2789
"E09000018",1,359824.798825257,4700000,40000,4767
"E09000018",2,467228.816192225,33000000,3000,6534
"E09000018",3,572021.278352454,79500000,5000,5317
"E09000019",0,483008.600124961,4075000,75000,3201
"E09000019",1,518248.144898333,5385000,60000,5459
"E09000019",2,700135.750284692,92000000,2750,6147
"E09000019",3,849380.454545455,47650624,5000,4224
"E09000020",0,1249793.31729055,16200000,65000,2805
"E09000020",1,1424910.26926334,54959000,26750,4724
"E09000020",2,1942712.8907577,56500000,166,6005
"E09000020",3,2161031.98809222,70154750,6000,3947
"E09000021",0,370439.302352049,11200000,68250,2636
"E09000021",1,377144.177523727,6100000,48750,4636
"E09000021",2,458288.034856571,7152000,100,5996
"E09000021",3,585369.701524536,54250000,1000,4198
"E09000022",0,364559.684617302,3000000,62500,4011
"E09000022",1,391798.302128215,6430000,13500,7659
"E09000022",2,532095.190580818,92500000,1200,10468
"E09000022",3,601465.032412965,38568000,1000,7497
"E09000023",0,263758.051461245,1781250,73000,3148
"E09000023",1,276887.130835186,4436245,62000,6298
"E09000023",2,348705.607549626,24126957,5000,9219
"E09000023",3,454620.189906871,21122570,1000,7946
"E09000024",0,428949.411327434,12650000,30000,2825
"E09000024",1,438270.171459577,8500000,47500,5529
"E09000024",2,515690.26499771,36000000,6000,6551
"E09000024",3,594874.427079227,23034250,950,5074
"E09000025",0,218793.558407543,650000,5000,1909
"E09000025",1,218475.361838278,1075000,46250,3438
"E09000025",2,289305.038441737,83520000,8000,5827
"E09000025",3,370421.257807838,47750000,1000,5027
"E09000026",0,287526.453502415,2500000,40000,3312
"E09000026",1,298558.860914106,2600000,50000,5076
"E09000026",2,336189.866514547,21755000,1000,7012
"E09000026",3,425113.779301746,70900000,10000,5614
"E09000027",0,550874.433516484,6635000,99000,3640
"E09000027",1,584167.709752683,6500000,69000,6429
"E09000027",2,716697.162147357,52900000,4000,7302
"E09000027",3,803835.351882768,85002477,1000,5391
"E09000028",0,383385.529083665,3330000,61005,3765
"E09000028",1,405685.070630848,4250000,51000,6626
"E09000028",2,525507.146411704,45288551,2500,8681
"E09000028",3,713160.865205558,73500000,1000,6981
"E09000029",0,263229.587380497,1300000,49500,2615
"E09000029",1,271152.049883087,3575000,5000,5132
"E09000029",2,313036.42540111,4500000,4999,6669
"E09000029",3,388935.189705347,22000000,2500,5498
"E09000030",0,345524.777307963,5363536,36250,4257
"E09000030",1,351363.161568961,3160000,56250,7062
"E09000030",2,489014.090900089,85000000,1000,10099
"E09000030",3,585318.923574606,62400000,1000,7419
"E09000031",0,235517.788030888,799995,14250,2590
"E09000031",1,247343.466553408,930000,17000,4709
"E09000031",2,323230.298492168,6150000,5000,6831
"E09000031",3,411412.053984576,25000000,931,5835
"E09000032",0,495193.371929825,5000000,90000,5985
"E09000032",1,521865.498874719,6350000,15000,10664
"E09000032",2,662182.77324263,88800000,100,12789
"E09000032",3,751617.112719852,57650000,5000,10291
"E09000033",0,831334.44898953,21000000,40000,4107
"E09000033",1,1078470.61460076,29350000,47000,6575
"E09000033",2,1758491.92552676,94390560,100,8258
"E09000033",3,2170757.47711004,96652091,940,6007
