"","district","wave","mean_price","max_price","min_price","trans"
"1","ADUR","0",220568.055443548,895000,57000,992
"2","ADUR","1",225892.0888667,2135000,20000,2003
"3","ADUR","2",256303.848908297,6450500,40000,2290
"4","ADUR","3",302810.136969697,3120000,12500,1650
"5","ALLERDALE","0",166366.195476575,765000,18000,1238
"6","ALLERDALE","1",157551.14487966,830000,18000,2119
"7","ALLERDALE","2",178732.933579336,30900000,17000,2981
"8","ALLERDALE","3",167423.621359223,3100000,15000,2369
"9","AMBER VALLEY","0",161999.328222601,1400000,17000,1761
"10","AMBER VALLEY","1",154869.418681683,2425000,30000,3019
"11","AMBER VALLEY","2",171888.714565483,31000000,18000,4085
"12","AMBER VALLEY","3",182953.625717566,6750000,25000,3484
"13","ARUN","0",239695.104231166,1650000,25000,2907
"14","ARUN","1",237219.470816402,2700000,12950,5414
"15","ARUN","2",256734.326215553,5650000,1000,6931
"16","ARUN","3",287727.099961627,5200000,11000,5212
"17","ASHFIELD","0",120022.909820877,465000,20000,1619
"18","ASHFIELD","1",121212.472413793,475000,25500,2900
"19","ASHFIELD","2",137679.790982602,10960000,17000,4081
"20","ASHFIELD","3",141118.765873016,4350000,28000,3276
"21","ASHFORD","0",228714.253233831,1750000,28500,2010
"22","ASHFORD","1",225922.128828829,3350000,28350,3330
"23","ASHFORD","2",266653.774806474,20900000,9000,4263
"24","ASHFORD","3",278686.574439701,6876345,5500,3748
"25","AYLESBURY VALE","0",270379.02940147,2150000,53750,2857
"26","AYLESBURY VALE","1",266734.099962064,2600000,42000,5272
"27","AYLESBURY VALE","2",298893.569044804,70375443,6000,7611
"28","AYLESBURY VALE","3",330146.55761523,40960000,3500,5988
"29","BABERGH","0",245632.023374726,2300000,15000,1369
"30","BABERGH","1",233827.566490443,2600000,31875,2459
"31","BABERGH","2",252762.738770309,8360000,3000,3139
"32","BABERGH","3",286166.86000912,8135175,3150,2193
"33","BARKING AND DAGENHAM","0",178979.464480874,457000,47300,1647
"34","BARKING AND DAGENHAM","1",181363.157635468,520000,45000,2842
"35","BARKING AND DAGENHAM","2",224630.032411605,51337874,5000,4412
"36","BARKING AND DAGENHAM","3",269421.144982418,6500000,1000,3697
"37","BARNET","0",446763.891966759,7300000,33000,4693
"38","BARNET","1",447078.605013385,13750000,26320,8218
"39","BARNET","2",526543.759025621,63299000,3000,10304
"40","BARNET","3",606072.988300415,40000000,3000,7949
"41","BARNSLEY","0",121684.49832527,1200000,10500,2687
"42","BARNSLEY","1",117908.982283068,1000000,15000,4967
"43","BARNSLEY","2",125487.872480147,6690000,5000,6548
"44","BARNSLEY","3",134333.023415191,18045000,10000,5253
"45","BARROW-IN-FURNESS","0",113800.80114177,452000,18700,1051
"46","BARROW-IN-FURNESS","1",112203.988913525,660000,10000,1804
"47","BARROW-IN-FURNESS","2",119526.468992248,2469500,4000,2322
"48","BARROW-IN-FURNESS","3",126018.162556618,2850000,15000,1987
"49","BASILDON","0",226338.300745287,2175000,31250,2281
"50","BASILDON","1",218731.173701299,1900000,33250,4312
"51","BASILDON","2",327702.823017567,88232909,25000,6091
"52","BASILDON","3",280807.819520065,7163092,18000,4959
"53","BASINGSTOKE AND DEANE","0",249482.798168369,3550000,34500,2839
"54","BASINGSTOKE AND DEANE","1",252139.076824034,2950000,47250,4660
"55","BASINGSTOKE AND DEANE","2",286816.830617361,39957884,10000,6382
"56","BASINGSTOKE AND DEANE","3",315662.657906559,22683800,1000,4452
"57","BASSETLAW","0",144182.782317979,790000,22500,1346
"58","BASSETLAW","1",140014.647150664,1200000,22000,2562
"59","BASSETLAW","2",147859.031259216,2137520,12500,3391
"60","BASSETLAW","3",159726.856381088,3536080,1000,2813
"61","BATH AND NORTH EAST SOMERSET","0",295712.774498676,2400000,50000,2643
"62","BATH AND NORTH EAST SOMERSET","1",289737.759360453,4000000,55000,4941
"63","BATH AND NORTH EAST SOMERSET","2",326899.614206337,28250000,11280,6659
"64","BATH AND NORTH EAST SOMERSET","3",359680.338011227,20100000,2500,4988
"65","BEDFORD","0",217716.831914894,1230000,30000,2350
"66","BEDFORD","1",212691.146725295,1500000,39500,4321
"67","BEDFORD","2",236738.10538681,18255733,25910,5959
"68","BEDFORD","3",259185.562354436,6400000,22000,4723
"69","BEXLEY","0",225065.68707483,1135000,47250,2793
"70","BEXLEY","1",227457.091471177,995000,30000,5499
"71","BEXLEY","2",274864.02398019,50000000,1000,7673
"72","BEXLEY","3",316135.7082046,10475900,1000,5826
"73","BIRMINGHAM","0",158922.655979203,2650000,10000,10386
"74","BIRMINGHAM","1",154369.053261419,3550000,4850,17799
"75","BIRMINGHAM","2",183119.590347239,87500000,3000,24594
"76","BIRMINGHAM","3",203710.202420457,40375000,218,20492
"77","BLABY","0",174787.324829932,760000,25000,1176
"78","BLABY","1",175962.488192182,1280000,40000,2456
"79","BLABY","2",217032.763029081,34550000,20000,3473
"80","BLABY","3",213814.631430585,1600000,31250,2838
"81","BLACKBURN WITH DARWEN","0",113715.685400122,850000,10000,1637
"82","BLACKBURN WITH DARWEN","1",113230.424037241,890000,15750,2363
"83","BLACKBURN WITH DARWEN","2",130947.189873418,14600000,10000,3318
"84","BLACKBURN WITH DARWEN","3",126637.38336414,4057984,10000,2705
"85","BLACKPOOL","0",112232.827720207,785000,18000,1544
"86","BLACKPOOL","1",104179.407407407,690000,1427,2916
"87","BLACKPOOL","2",124290.767099779,21755000,3300,4079
"88","BLACKPOOL","3",110233.681750075,2000000,15000,3337
"89","BLAENAU GWENT","0",84332.1652470187,290000,15000,587
"90","BLAENAU GWENT","1",83607.4030937216,315000,10000,1099
"91","BLAENAU GWENT","2",84466.2930800543,2514173,4500,1474
"92","BLAENAU GWENT","3",91693.2038369305,1600000,5000,1251
"93","BOLSOVER","0",114052.978046103,525000,22500,911
"94","BOLSOVER","1",107732.201807229,970000,19000,1660
"95","BOLSOVER","2",119678.335002086,3250000,20000,2397
"96","BOLSOVER","3",130680.181998022,1535000,3500,2022
"97","BOLTON","0",131311.519290928,2250000,13200,2877
"98","BOLTON","1",125685.261532447,1260000,14000,5116
"99","BOLTON","2",138375.480293827,14250000,11750,7079
"100","BOLTON","3",154777.425817267,26600000,20000,5965
"101","BOSTON","0",128035.206185567,900000,15000,873
"102","BOSTON","1",131450.882888744,688000,24375,1537
"103","BOSTON","2",141927.144990366,4232055,26000,2076
"104","BOSTON","3",166057.709211318,16527656,18000,1661
"105","BOURNEMOUTH","0",220842.537974684,1275000,24500,3160
"106","BOURNEMOUTH","1",216438.978712267,1650000,32500,5731
"107","BOURNEMOUTH","2",242074.69917565,37000000,15000,7885
"108","BOURNEMOUTH","3",254845.629900436,5730000,4000,6428
"109","BRACKNELL FOREST","0",272170.757746479,4400000,63700,1775
"110","BRACKNELL FOREST","1",267066.945661963,3520000,42500,3331
"111","BRACKNELL FOREST","2",323833.966748494,20034382,50000,4481
"112","BRACKNELL FOREST","3",382999.177590512,37500000,54750,3204
"113","BRADFORD","0",145277.64922049,2225000,10000,5388
"114","BRADFORD","1",141527.21626898,1700000,8000,9220
"115","BRADFORD","2",150002.923139578,16243403,10000,13505
"116","BRADFORD","3",158276.621699299,5895000,3000,11134
"117","BRAINTREE","0",222818.78527063,2350000,6200,2254
"118","BRAINTREE","1",218433.996633868,1675000,25000,3862
"119","BRAINTREE","2",237869.616778774,7637000,5000,5352
"120","BRAINTREE","3",273248.354328956,9170000,8000,4493
"121","BRECKLAND","0",183079.676798379,1370000,28750,1974
"122","BRECKLAND","1",176275.269088017,1250000,22800,3772
"123","BRECKLAND","2",192077.84213581,5600000,22500,5169
"124","BRECKLAND","3",214336.939995041,20750000,15000,4033
"125","BRENT","0",345201.079587325,3100000,22500,2714
"126","BRENT","1",379394.609835305,3500000,19000,4311
"127","BRENT","2",484748.204370838,41449999,5000,5857
"128","BRENT","3",560121.015060862,77500000,1,4847
"129","BRENTWOOD","0",346761.037096774,2100000,40000,1240
"130","BRENTWOOD","1",346833.52915388,3525000,28000,2281
"131","BRENTWOOD","2",404200.405465523,77940000,32750,3147
"132","BRENTWOOD","3",448444.043060009,8500000,6999,2183
"133","BRIDGEND","0",137523.44491018,515000,20000,1670
"134","BRIDGEND","1",138045.091590613,698000,11000,3068
"135","BRIDGEND","2",148652.863191441,7050000,4950,4393
"136","BRIDGEND","3",152938.75338983,2710000,6000,3540
"137","BRIGHTON AND HOVE","0",276836.251074279,2300000,31000,4887
"138","BRIGHTON AND HOVE","1",283025.006889304,2750000,4000,8564
"139","BRIGHTON AND HOVE","2",332400.813401497,45912994,2500,10954
"140","BRIGHTON AND HOVE","3",380321.369697724,22800000,250,8039
"141","BROADLAND","0",201742.289818548,1050000,36125,1984
"142","BROADLAND","1",197606.277128548,1830000,29375,3594
"143","BROADLAND","2",220763.199418735,16299971,20000,4473
"144","BROADLAND","3",241894.927945747,4725000,10000,3539
"145","BROMLEY","0",325361.393914971,4550000,40000,4963
"146","BROMLEY","1",334745.071105365,4041500,15500,9282
"147","BROMLEY","2",388725.176504582,17875000,1000,12113
"148","BROMLEY","3",467403.549349915,31498634,7000,8845
"149","BROMSGROVE","0",239347.411902897,1650000,54000,1277
"150","BROMSGROVE","1",235559.937750111,1400000,40000,2249
"151","BROMSGROVE","2",253078.584312573,3000000,3975,3404
"152","BROMSGROVE","3",283611.281638625,18803391,5200,2734
"153","BROXBOURNE","0",251632.176907495,1650000,50000,1481
"154","BROXBOURNE","1",249752.945337621,1325000,50000,2488
"155","BROXBOURNE","2",274459.827830916,2087000,666,3241
"156","BROXBOURNE","3",335119.2039801,4000000,47250,2412
"157","BROXTOWE","0",153262.230876217,1500000,34000,1438
"158","BROXTOWE","1",149236.71618705,1300000,30000,2780
"159","BROXTOWE","2",164880.423965763,10484000,13000,3505
"160","BROXTOWE","3",179957.158004158,5869999,28000,2886
"161","BURNLEY","0",89324.4101174345,425000,11000,1107
"162","BURNLEY","1",91167.732902531,615000,7000,1857
"163","BURNLEY","2",92707.4442372249,4050000,5000,2681
"164","BURNLEY","3",106754.418259023,7779000,5000,2355
"165","BURY","0",147017.405273438,1800000,20000,2048
"166","BURY","1",139900.07980846,1350000,10200,3759
"167","BURY","2",167707.001069709,52000000,17500,5609
"168","BURY","3",168495.322070609,9331456,11000,4617
"169","CAERPHILLY","0",118824.268361582,1000000,18400,1770
"170","CAERPHILLY","1",121458.688529686,437500,18000,3217
"171","CAERPHILLY","2",129618.471333333,5692873,17500,4500
"172","CAERPHILLY","3",132867.178332849,1826400,4700,3443
"173","CALDERDALE","0",147682.780811528,898000,18500,2637
"174","CALDERDALE","1",138452.20141499,1400000,15000,4523
"175","CALDERDALE","2",156036.705,44450000,10000,6600
"176","CALDERDALE","3",156185.340616465,4000000,18050,5126
"177","CAMBRIDGE","0",319240.012549914,2440000,50000,1753
"178","CAMBRIDGE","1",326982.414456233,2600000,50000,3016
"179","CAMBRIDGE","2",416636.585056391,10000000,15000,4256
"180","CAMBRIDGE","3",520836.784559418,20349000,3800,2474
"181","CAMDEN","0",721777.12704918,16000000,54500,3172
"182","CAMDEN","1",761782.538189672,38270160,22000,5093
"183","CAMDEN","2",1016224.7524574,67098156,500,6104
"184","CAMDEN","3",1393957.88186606,96840522,400,3987
"185","CANNOCK CHASE","0",136972.334415584,500000,32500,924
"186","CANNOCK CHASE","1",138507.8391494,650000,23000,1834
"187","CANNOCK CHASE","2",155194.732954545,9858000,25000,2816
"188","CANNOCK CHASE","3",167472.031547105,7600000,9000,2314
"189","CANTERBURY","0",230483.946764947,1090000,28605,2442
"190","CANTERBURY","1",229106.606788627,3800000,23125,4537
"191","CANTERBURY","2",249610.372426289,5500000,100,6071
"192","CANTERBURY","3",289129.528975429,5700000,615,4314
"193","CARDIFF","0",182844.786328556,1190000,13950,4535
"194","CARDIFF","1",182418.497376312,1200000,25000,8004
"195","CARDIFF","2",208717.456013715,40500000,5657,11083
"196","CARDIFF","3",230604.755279212,31943333,5000,8524
"197","CARLISLE","0",141720.620689655,1000000,15000,1508
"198","CARLISLE","1",140362.159711684,735000,27000,2636
"199","CARLISLE","2",154865.026047565,19760000,1000,3532
"200","CARLISLE","3",152712.258614688,3014414,25000,2873
"201","CARMARTHENSHIRE","0",143563.320670942,950000,20000,2027
"202","CARMARTHENSHIRE","1",141174.597092704,900000,23000,3646
"203","CARMARTHENSHIRE","2",144514.353545735,12500000,4950,4865
"204","CARMARTHENSHIRE","3",146211.717841237,3394616,5900,3817
"205","CASTLE POINT","0",212294.243611584,1100000,20000,1174
"206","CASTLE POINT","1",209997.344111969,1499950,42000,2072
"207","CASTLE POINT","2",231534.764099259,1400000,19000,3103
"208","CASTLE POINT","3",275898.291889667,1829500,36996,2429
"209","CENTRAL BEDFORDSHIRE","0",222214.605282113,1731500,31500,4165
"210","CENTRAL BEDFORDSHIRE","1",221079.533622007,2250000,35000,7852
"211","CENTRAL BEDFORDSHIRE","2",249656.869522447,31245000,10290,11182
"212","CENTRAL BEDFORDSHIRE","3",281707.618576626,8260000,3050,8796
"213","CEREDIGION","0",189757.037371134,650000,40000,776
"214","CEREDIGION","1",177898.137226277,800000,40000,1370
"215","CEREDIGION","2",195320.063343109,10825000,29000,1705
"216","CEREDIGION","3",206825.380426204,13000000,13000,1267
"217","CHARNWOOD","0",184679.413015184,2000000,24875,2305
"218","CHARNWOOD","1",183950.684186983,2500000,15000,4471
"219","CHARNWOOD","2",200081.836265223,6012000,25000,5912
"220","CHARNWOOD","3",214898.472203313,3280000,23750,4407
"221","CHELMSFORD","0",260024.094982765,3275000,17500,2611
"222","CHELMSFORD","1",253752.120641109,1675000,33750,4617
"223","CHELMSFORD","2",297459.774724371,34375000,28000,6077
"224","CHELMSFORD","3",339980.467854997,26270718,5000,4993
"225","CHELTENHAM","0",256142.153846154,2500000,40000,2054
"226","CHELTENHAM","1",246260.379648314,1675000,36500,3469
"227","CHELTENHAM","2",288850.831515152,21755000,2000,4950
"228","CHELTENHAM","3",299551.834232845,17010000,2000,3891
"229","CHERWELL","0",249713.572508266,3500000,60000,2117
"230","CHERWELL","1",251469.389123548,2350000,50000,3788
"231","CHERWELL","2",284967.938393023,17500000,4060,5389
"232","CHERWELL","3",317599.384963122,7275000,13000,4203
"233","CHESHIRE EAST","0",227938.246385307,3986710,20000,5118
"234","CHESHIRE EAST","1",216560.141604142,3500000,21000,9463
"235","CHESHIRE EAST","2",240889.675687699,25000000,530,13487
"236","CHESHIRE EAST","3",255447.77711872,17390000,3480,11127
"237","CHESHIRE WEST AND CHESTER","0",197210.542516556,1825000,26750,3775
"238","CHESHIRE WEST AND CHESTER","1",192241.394845078,1800000,7500,7294
"239","CHESHIRE WEST AND CHESTER","2",222280.213244671,17650000,957,10978
"240","CHESHIRE WEST AND CHESTER","3",230065.315372255,10620327,5000,9335
"241","CHESTERFIELD","0",141455.083928571,795000,35000,1120
"242","CHESTERFIELD","1",132430.64708561,1000000,25000,2196
"243","CHESTERFIELD","2",152824.302837106,1720000,12000,3137
"244","CHESTERFIELD","3",157258.747351263,6370000,13500,2454
"245","CHICHESTER","0",353284.051467051,3000000,18000,2079
"246","CHICHESTER","1",345485.72287472,3825000,55000,3576
"247","CHICHESTER","2",390251.26122983,32340000,1500,4586
"248","CHICHESTER","3",415469.88939951,8800000,12000,3264
"249","CHILTERN","0",455321.157750343,4095000,72000,1458
"250","CHILTERN","1",461297.424446944,5000000,62000,2667
"251","CHILTERN","2",503440.818686401,6000000,20000,3243
"252","CHILTERN","3",616159.38484589,31600000,1400,2336
"253","CHORLEY","0",169739.511487304,1600000,40000,1654
"254","CHORLEY","1",168706.613011402,1500000,18000,2982
"255","CHORLEY","2",178292.366576087,9650000,2590,3680
"256","CHORLEY","3",185786.904993515,2250000,3000,3084
"257","CHRISTCHURCH","0",282443.958805355,1300000,37500,971
"258","CHRISTCHURCH","1",281877.818397626,4250000,60000,1685
"259","CHRISTCHURCH","2",296487.984636871,2000000,16000,2148
"260","CHRISTCHURCH","3",347087.968457944,8221970,52000,1712
"261","CITY OF BRISTOL","0",208384.56265625,1500000,30000,6400
"262","CITY OF BRISTOL","1",209727.608647732,1900000,28000,11795
"263","CITY OF BRISTOL","2",246056.694052576,35125000,850,16091
"264","CITY OF BRISTOL","3",296354.592359362,45980000,500,11910
"265","CITY OF DERBY","0",140133.376510691,595000,10000,3227
"266","CITY OF DERBY","1",140297.468839542,1950000,22500,5584
"267","CITY OF DERBY","2",169438.477584143,52267467,4000,7517
"268","CITY OF DERBY","3",177385.124760745,35570000,19000,5747
"269","CITY OF KINGSTON UPON HULL","0",98248.3838899804,495000,10000,2545
"270","CITY OF KINGSTON UPON HULL","1",98062.2459983151,475000,8000,4748
"271","CITY OF KINGSTON UPON HULL","2",111139.842493001,37250000,5000,6787
"272","CITY OF KINGSTON UPON HULL","3",119820.868430093,25200000,4247,5822
"273","CITY OF LONDON","0",534113.626415094,2800000,195000,265
"274","CITY OF LONDON","1",544504.554112554,2370000,205000,462
"275","CITY OF LONDON","2",2774827.52637131,96264933,3000,948
"276","CITY OF LONDON","3",3212346.23866348,86031326,15000,419
"277","CITY OF NOTTINGHAM","0",120897.037443512,2500000,22000,3098
"278","CITY OF NOTTINGHAM","1",118528.848596321,1200000,21250,5165
"279","CITY OF NOTTINGHAM","2",172631.017446578,41421197,4750,7394
"280","CITY OF NOTTINGHAM","3",178634.977237773,68591328,6875,6502
"281","CITY OF PETERBOROUGH","0",154931.654348806,1200000,18000,2219
"282","CITY OF PETERBOROUGH","1",154897.164784513,3530000,26000,4339
"283","CITY OF PETERBOROUGH","2",185376.284390244,14100000,10000,6150
"284","CITY OF PETERBOROUGH","3",216158.674441018,75000000,15000,5188
"285","CITY OF PLYMOUTH","0",159104.528599606,1200000,28000,3549
"286","CITY OF PLYMOUTH","1",157604.994162196,980000,26250,6338
"287","CITY OF PLYMOUTH","2",168274.457864496,2766979,5000,8354
"288","CITY OF PLYMOUTH","3",187375.779743922,8388984,6384,6951
"289","CITY OF WESTMINSTER","0",832908.240058196,21000000,40000,4124
"290","CITY OF WESTMINSTER","1",1078186.77826614,29350000,47000,6598
"291","CITY OF WESTMINSTER","2",1762247.20807715,94390560,100,8295
"292","CITY OF WESTMINSTER","3",2149131.96054322,96652091,1000,5449
"293","COLCHESTER","0",203976.186579938,1550000,15000,2921
"294","COLCHESTER","1",205567.937846044,2200000,29500,5599
"295","COLCHESTER","2",227127.426181234,13710000,15000,7471
"296","COLCHESTER","3",264965.991628997,18800000,5000,5973
"297","CONWY","0",166382.479867987,870000,24000,1515
"298","CONWY","1",163199.791039427,3739740,29000,2790
"299","CONWY","2",167131.482198953,8177000,13000,3820
"300","CONWY","3",171270.90720268,4262721,2500,2985
"301","COPELAND","0",133125.023174971,471000,18415,863
"302","COPELAND","1",126596.877629063,770000,20000,1569
"303","COPELAND","2",131836.066939193,2650000,15500,1957
"304","COPELAND","3",134398.065765212,925000,10000,1627
"305","CORBY","0",131186.33410943,475000,27500,859
"306","CORBY","1",133881.799522673,470000,26000,1676
"307","CORBY","2",144965.363792364,1700000,1000,2331
"308","CORBY","3",197459.706811451,69200000,40000,2026
"309","CORNWALL","0",227962.412443202,2700000,30000,8583
"310","CORNWALL","1",220495.683661417,3300000,30000,15240
"311","CORNWALL","2",230220.421606262,26000000,4999,20059
"312","CORNWALL","3",245095.560050094,10259480,170,15970
"313","COTSWOLD","0",350057.699127907,2600000,43500,1376
"314","COTSWOLD","1",335038.588350274,3300000,37500,2558
"315","COTSWOLD","2",368372.995183624,31345000,1000,3322
"316","COTSWOLD","3",386952.210268026,9000000,3000,2649
"317","COUNTY DURHAM","0",126873.921415207,1200000,10000,5879
"318","COUNTY DURHAM","1",121106.509662532,1575000,8500,10401
"319","COUNTY DURHAM","2",127181.569025441,16995000,5600,14386
"320","COUNTY DURHAM","3",131996.308934796,46436260,120,11763
"321","COVENTRY","0",139486.519740553,795000,12000,3546
"322","COVENTRY","1",137560.865765766,895000,25000,6660
"323","COVENTRY","2",162219.060275482,19600000,10000,9075
"324","COVENTRY","3",182214.223611477,20425000,1000,7598
"325","CRAVEN","0",216495.892018779,1195000,47000,852
"326","CRAVEN","1",207593.369649805,1475000,33750,1542
"327","CRAVEN","2",209970.906370656,3351000,25000,2072
"328","CRAVEN","3",220719.545343137,2210000,55000,1632
"329","CRAWLEY","0",203599.80952381,775000,39083,1344
"330","CRAWLEY","1",204654.181404959,1000000,7000,2420
"331","CRAWLEY","2",259096.555135476,18800000,5000,3174
"332","CRAWLEY","3",306532.129537639,8725000,43750,2617
"333","CROYDON","0",255264.018422992,4000000,45600,4071
"334","CROYDON","1",259220.867986799,4225000,10000,7272
"335","CROYDON","2",305408.272128305,33700000,500,11535
"336","CROYDON","3",389567.958235884,75400000,1000,8979
"337","DACORUM","0",313248.220033529,3100000,38250,2386
"338","DACORUM","1",316278.614495545,3000000,38750,4153
"339","DACORUM","2",370252.757842792,60600000,5000,5674
"340","DACORUM","3",427845.69132465,7750000,1000,4069
"341","DARLINGTON","0",145752.327944573,750000,20000,1299
"342","DARLINGTON","1",134543.002108815,706000,15000,2371
"343","DARLINGTON","2",142719.742280648,4028725,15000,3271
"344","DARLINGTON","3",196157.317460317,34232962,21000,2646
"345","DARTFORD","0",210084.896807721,1075000,34500,1347
"346","DARTFORD","1",215031.016999261,1237500,28500,2706
"347","DARTFORD","2",257354.572498128,10750000,25000,4007
"348","DARTFORD","3",295032.066132859,16163541,4500,3372
"349","DAVENTRY","0",230019.202237522,1350000,40000,1162
"350","DAVENTRY","1",225208.952476238,2000000,34000,1999
"351","DAVENTRY","2",252726.821178821,25996999,31750,3003
"352","DAVENTRY","3",273205.020644096,6600000,47487,2422
"353","DENBIGHSHIRE","0",146888.816521739,500000,26250,1150
"354","DENBIGHSHIRE","1",143369.402270484,975900,25000,2026
"355","DENBIGHSHIRE","2",148720.873618276,1550000,19000,2714
"356","DENBIGHSHIRE","3",160575.672162949,1280000,14000,2062
"357","DERBY","1",320000,320000,320000,1
"358","DERBYSHIRE DALES","0",254494.547783251,1725000,35875,1015
"359","DERBYSHIRE DALES","1",239499.458668197,1400000,28500,1742
"360","DERBYSHIRE DALES","2",257497.613796134,1800000,8000,2276
"361","DERBYSHIRE DALES","3",272583.441643836,4145000,25000,1825
"362","DONCASTER","0",128903.097113752,1000000,20000,2945
"363","DONCASTER","1",124121.311933261,850000,19000,5514
"364","DONCASTER","2",134069.858056426,7920000,4000,7975
"365","DONCASTER","3",158491.526315789,46555121,500,6802
"366","DOVER","0",198236.646753247,1600000,30000,1540
"367","DOVER","1",187608.300472441,1505000,23750,3175
"368","DOVER","2",206025.150095602,1995000,24000,4184
"369","DOVER","3",234447.938015354,3780000,19000,3517
"370","DUDLEY","0",150885.50408225,885000,15000,3307
"371","DUDLEY","1",144657.19527507,1275000,17000,6053
"372","DUDLEY","2",156323.030844156,10680000,5000,8008
"373","DUDLEY","3",174772.580221402,24400000,20000,6775
"374","EALING","0",352272.152024236,2836775,23000,3631
"375","EALING","1",389356.435805547,5300000,35000,6418
"376","EALING","2",495583.716523101,28790678,200,7662
"377","EALING","3",596692.649518269,60748051,1000,5501
"378","EAST CAMBRIDGESHIRE","0",215186.674934726,2325000,45000,1532
"379","EAST CAMBRIDGESHIRE","1",213049.97254607,1265000,42000,2659
"380","EAST CAMBRIDGESHIRE","2",235466.94554295,3530000,30750,3085
"381","EAST CAMBRIDGESHIRE","3",274862.79134981,2750000,30000,2104
"382","EAST DEVON","0",265585.622445188,3100000,38733,2691
"383","EAST DEVON","1",258849.916035354,1953500,26000,4752
"384","EAST DEVON","2",269800.881188119,19972500,6250,6363
"385","EAST DEVON","3",277149.745957963,1975000,15000,4948
"386","EAST DORSET","0",291229.216233766,1370000,45000,1540
"387","EAST DORSET","1",291294.315106905,1175000,48000,2853
"388","EAST DORSET","2",318803.165475536,26221312,30000,3638
"389","EAST DORSET","3",351230.577720207,11000000,1000,2702
"390","EAST HAMPSHIRE","0",326533.778867102,1950000,46500,1836
"391","EAST HAMPSHIRE","1",323427.075061275,2925000,35000,3264
"392","EAST HAMPSHIRE","2",346376.78646051,3250000,8811,4786
"393","EAST HAMPSHIRE","3",383084.6395656,4250000,2800,3407
"394","EAST HERTFORDSHIRE","0",311982.841407867,3000000,10000,2415
"395","EAST HERTFORDSHIRE","1",317672.478146013,3650000,53250,4164
"396","EAST HERTFORDSHIRE","2",348277.384695834,9500000,6000,5737
"397","EAST HERTFORDSHIRE","3",402776.569961196,7045974,1000,4381
"398","EAST LINDSEY","0",151605.457114527,695000,15000,2017
"399","EAST LINDSEY","1",146412.710867685,725000,15750,3469
"400","EAST LINDSEY","2",156342.204995871,3600000,9000,4844
"401","EAST LINDSEY","3",189337.144241119,37805019,18000,3716
"402","EAST NORTHAMPTONSHIRE","0",189484.908385093,1050000,31250,1288
"403","EAST NORTHAMPTONSHIRE","1",185787.212882954,2300000,31000,2546
"404","EAST NORTHAMPTONSHIRE","2",194609.363304299,6480000,10000,3559
"405","EAST NORTHAMPTONSHIRE","3",217661.573174873,5660000,40000,2945
"406","EAST RIDING OF YORKSHIRE","0",167983.312768131,1520000,30000,4895
"407","EAST RIDING OF YORKSHIRE","1",162824.17016972,2500000,15000,8897
"408","EAST RIDING OF YORKSHIRE","2",172763.877991827,23478000,500,11991
"409","EAST RIDING OF YORKSHIRE","3",187768.957755229,27285237,4926,9658
"410","EAST STAFFORDSHIRE","0",167157.469601677,1225000,22000,1431
"411","EAST STAFFORDSHIRE","1",160359.998144024,1950000,28000,2694
"412","EAST STAFFORDSHIRE","2",174954.93236037,3540007,12000,3563
"413","EAST STAFFORDSHIRE","3",195803.800927459,6999999,12000,3019
"414","EASTBOURNE","0",204623.623291416,1110000,39500,1829
"415","EASTBOURNE","1",198409.901425914,1050000,19700,3226
"416","EASTBOURNE","2",249770.364614722,29900000,9500,4646
"417","EASTBOURNE","3",236516.475062692,4200000,7500,3589
"418","EASTLEIGH","0",223028.998936736,875000,31875,1881
"419","EASTLEIGH","1",232110.301256425,1225000,42500,3502
"420","EASTLEIGH","2",251768.325442569,31250000,10000,4858
"421","EASTLEIGH","3",294538.123997709,15300000,7500,3492
"422","EDEN","0",213084.655639098,1020000,22500,665
"423","EDEN","1",195136.579982891,950000,22500,1169
"424","EDEN","2",220202.500319081,7367000,5000,1567
"425","EDEN","3",211173.686367218,4250000,24500,1269
"426","ELMBRIDGE","0",570371.052393517,11500000,46250,2653
"427","ELMBRIDGE","1",604539.990777615,12500000,23000,4771
"428","ELMBRIDGE","2",700280.506123134,44500000,3000,5961
"429","ELMBRIDGE","3",751386.605514316,48313732,1000,3772
"430","ENFIELD","0",286016.713765919,5550000,45000,3298
"431","ENFIELD","1",289187.366288493,4850000,31250,5553
"432","ENFIELD","2",351855.700308563,73074112,1500,7778
"433","ENFIELD","3",433526.34679089,52700000,1000,5796
"434","EPPING FOREST","0",352886.696058091,3735000,40000,1928
"435","EPPING FOREST","1",357808.451208855,3050000,42250,3433
"436","EPPING FOREST","2",404775.267019167,3500000,35537,4539
"437","EPPING FOREST","3",479820.004329004,12300000,20000,3465
"438","EPSOM AND EWELL","0",349876.53449528,5600000,30000,1377
"439","EPSOM AND EWELL","1",355161.413327882,2310000,68000,2446
"440","EPSOM AND EWELL","2",401955.768247561,6683855,13500,2973
"441","EPSOM AND EWELL","3",479084.843060324,10647271,25000,2039
"442","EREWASH","0",135714.228241023,800000,21500,1643
"443","EREWASH","1",137686.634801289,950000,17500,2793
"444","EREWASH","2",152679.597756819,15250000,19375,3923
"445","EREWASH","3",160333.863181672,940764,34000,3099
"446","EXETER","0",207354.692749087,1360000,31500,1917
"447","EXETER","1",212739.045184976,1999000,16000,3541
"448","EXETER","2",251769.920560748,19972500,5000,4494
"449","EXETER","3",269719.753454947,14710000,5000,3618
"450","FAREHAM","0",232688.929602888,2450000,34000,1662
"451","FAREHAM","1",234880.488023088,1425000,42000,3465
"452","FAREHAM","2",257812.305088757,19972500,15000,4225
"453","FAREHAM","3",338478.845617228,52532210,26500,3297
"454","FENLAND","0",144164.742412451,550000,26000,1285
"455","FENLAND","1",142671.131437356,742500,27000,2602
"456","FENLAND","2",153501.787544778,3800000,16031,3629
"457","FENLAND","3",171624.330626058,3349997,35000,2955
"458","FLINTSHIRE","0",153924.785123967,735000,35000,1452
"459","FLINTSHIRE","1",158234.66952483,1100000,25000,2799
"460","FLINTSHIRE","2",185697.960703678,33850000,5000,4377
"461","FLINTSHIRE","3",178873.602669696,4567138,22000,3521
"462","FOREST HEATH","0",177523.757407407,1050000,31250,1080
"463","FOREST HEATH","1",174956.666321244,1425000,31250,1930
"464","FOREST HEATH","2",208473.568040435,18243199,24375,2572
"465","FOREST HEATH","3",210991.110510806,2160000,30000,2036
"466","FOREST OF DEAN","0",207903.971172962,810000,36000,1006
"467","FOREST OF DEAN","1",192824.42394822,995000,4500,1854
"468","FOREST OF DEAN","2",197204.017058378,1200000,10000,2638
"469","FOREST OF DEAN","3",218735.909134848,13100000,33000,2069
"470","FYLDE","0",198136.523306948,1420000,17500,1137
"471","FYLDE","1",190574.709531014,1650000,22500,1983
"472","FYLDE","2",201925.40313779,3750000,950,2932
"473","FYLDE","3",209730.180075031,2256273,25000,2399
"474","GATESHEAD","0",132594.884344147,850000,9000,2127
"475","GATESHEAD","1",132248.474830954,823575,8050,3993
"476","GATESHEAD","2",142537.431994102,3370000,2050,5426
"477","GATESHEAD","3",160594.400731707,16999999,4000,4100
"478","GEDLING","0",159139.693813131,1025000,24750,1584
"479","GEDLING","1",154085.382756368,1250000,20000,3062
"480","GEDLING","2",166226.408984558,3850000,12000,4274
"481","GEDLING","3",177064.773854962,5180000,100,3144
"482","GLOUCESTER","0",155450.438245112,550000,33500,2097
"483","GLOUCESTER","1",153387.64372952,765000,33750,3357
"484","GLOUCESTER","2",178352.461506188,28856997,31500,4767
"485","GLOUCESTER","3",186780.303038524,5300000,7500,3686
"486","GOSPORT","0",167405.055276382,830000,29000,1194
"487","GOSPORT","1",168281.291977203,900000,35500,2281
"488","GOSPORT","2",178594.547028086,1750000,20000,3062
"489","GOSPORT","3",195311.119643615,2400000,10000,2357
"490","GRAVESHAM","0",208080.829226848,1750000,31250,1177
"491","GRAVESHAM","1",206081.706076307,1140000,5000,2123
"492","GRAVESHAM","2",228241.485273973,3000000,15000,2920
"493","GRAVESHAM","3",278447.16137806,12509500,1000,2206
"494","GREAT YARMOUTH","0",147990.508375819,680000,27000,1373
"495","GREAT YARMOUTH","1",146592.246051538,1000000,21000,2406
"496","GREAT YARMOUTH","2",163269.773101555,24550000,3333,3279
"497","GREAT YARMOUTH","3",167215.868188513,4750000,6000,2716
"498","GREENWICH","0",295930.131764706,3350000,69000,2550
"499","GREENWICH","1",295907.033836638,4436245,51200,5497
"500","GREENWICH","2",357174.966894725,52436057,6000,9062
"501","GREENWICH","3",443622.113728129,38000000,1000,5944
"502","GUILDFORD","0",406112.315360217,4675000,25000,2207
"503","GUILDFORD","1",401278.340648379,4250000,45000,4010
"504","GUILDFORD","2",463494.619057377,49100000,5000,4880
"505","GUILDFORD","3",529078.009302326,17010000,35000,3440
"506","GWYNEDD","0",156166.187541862,685000,22000,1493
"507","GWYNEDD","1",154845.486508256,1645000,17000,2483
"508","GWYNEDD","2",173940.16867863,15444668,15000,3065
"509","GWYNEDD","3",168797.651881188,2307997,10000,2525
"510","HACKNEY","0",346851.951980792,2300000,34500,2499
"511","HACKNEY","1",370823.728635075,2642500,13500,4938
"512","HACKNEY","2",525900.878706651,33550000,1859,5969
"513","HACKNEY","3",624259.417026107,37346000,5000,4405
"514","HALTON","0",138484.567279768,950000,29000,1033
"515","HALTON","1",132092.817346939,610000,23000,1960
"516","HALTON","2",153038.229240141,13500000,1000,3119
"517","HALTON","3",193105.658460336,31900000,16000,2559
"518","HAMBLETON","0",235881.937882765,1408000,45000,1143
"519","HAMBLETON","1",236169.41025641,1400000,30000,2028
"520","HAMBLETON","2",240369.730930721,5000000,35000,2858
"521","HAMBLETON","3",245541.914129941,4500000,12500,2201
"522","HAMMERSMITH AND FULHAM","0",617575.718598196,4400000,91500,2882
"523","HAMMERSMITH AND FULHAM","1",665920.559701493,4255000,25000,5360
"524","HAMMERSMITH AND FULHAM","2",866200.345425101,54900000,500,6175
"525","HAMMERSMITH AND FULHAM","3",1062835.62613195,73956677,999,3865
"526","HARBOROUGH","0",238437.942028986,1350000,31000,1380
"527","HARBOROUGH","1",229904.063562753,2650000,38250,2470
"528","HARBOROUGH","2",290311.167853231,52160600,19950,3652
"529","HARBOROUGH","3",286658.489051095,45000000,16250,2740
"530","HARINGEY","0",398562.814467766,5425000,26000,2668
"531","HARINGEY","1",418328.144190871,16850000,16200,4820
"532","HARINGEY","2",516437.218685478,18000000,5000,5812
"533","HARINGEY","3",614444.381793167,24500000,3849,4361
"534","HARLOW","0",188898.961658031,850000,35000,965
"535","HARLOW","1",191209.819020173,750000,34000,1735
"536","HARLOW","2",218297.723976608,6950300,24300,2565
"537","HARLOW","3",269860.35654321,22000000,10000,2025
"538","HARROGATE","0",274773.870453617,3850000,20000,2447
"539","HARROGATE","1",265926.035434883,2850000,35000,4346
"540","HARROGATE","2",280400.235724988,7750000,4000,6007
"541","HARROGATE","3",316004.378390298,7500000,12500,4535
"542","HARROW","0",331395.368400469,2505000,25000,2557
"543","HARROW","1",344645.245876059,4450000,29750,4486
"544","HARROW","2",415140.498661431,13001250,12500,5603
"545","HARROW","3",485651.005721831,19500000,8462,4544
"546","HART","0",324625.834830684,1700000,48750,1447
"547","HART","1",347573.703872437,2500000,58000,2634
"548","HART","2",379080.61861421,23600000,46000,3406
"549","HART","3",430704.814417745,5768000,12500,2705
"550","HARTLEPOOL","0",120661.741273101,748000,10000,974
"551","HARTLEPOOL","1",120685.548549107,830000,12000,1792
"552","HARTLEPOOL","2",122484.940838127,1400000,10000,2434
"553","HARTLEPOOL","3",125342.856212192,2901488,10000,2149
"554","HASTINGS","0",161849.774733638,655000,1889,1314
"555","HASTINGS","1",165388.916765286,775000,19950,2535
"556","HASTINGS","2",180867.66712404,6649000,10000,3644
"557","HASTINGS","3",198939.37447766,4200000,1500,3111
"558","HAVANT","0",216793.539408867,985000,17500,1624
"559","HAVANT","1",212701.802443281,2400000,29000,2865
"560","HAVANT","2",248662.395828451,18153539,3000,4267
"561","HAVANT","3",258849.9329559,7567000,15000,3356
"562","HAVERING","0",255892.758699934,1950000,23500,3046
"563","HAVERING","1",247024.388878727,2225000,40000,5467
"564","HAVERING","2",280311.569941205,21755000,100,8164
"565","HAVERING","3",344589.297134716,21700000,1000,6317
"566","HEREFORDSHIRE","0",222346.257914732,1791586,33000,2369
"567","HEREFORDSHIRE","1",215241.116050538,1135000,33000,4274
"568","HEREFORDSHIRE","2",223737.834431191,7751551,2000,5617
"569","HEREFORDSHIRE","3",238670.197299153,8040000,20000,4369
"570","HERTSMERE","0",376048.061495458,3950000,3000,1431
"571","HERTSMERE","1",363365.013602798,3875000,53750,2573
"572","HERTSMERE","2",463432.559350504,37000000,8000,3572
"573","HERTSMERE","3",497941.504157218,9732671,2250,2646
"574","HIGH PEAK","0",172616.47707231,750000,550,1134
"575","HIGH PEAK","1",174581.281683626,850000,28000,2162
"576","HIGH PEAK","2",177658.802927161,3700000,22500,2938
"577","HIGH PEAK","3",193698.901666667,2300000,30000,2400
"578","HILLINGDON","0",283621.069846678,3200000,46250,3522
"579","HILLINGDON","1",293086.207394049,5242500,21000,6654
"580","HILLINGDON","2",429246.317485684,68314736,1000,7509
"581","HILLINGDON","3",455068.760484295,55433747,6000,5699
"582","HINCKLEY AND BOSWORTH","0",177451.760885082,1330000,26500,1401
"583","HINCKLEY AND BOSWORTH","1",171482.690830011,1280000,30000,2759
"584","HINCKLEY AND BOSWORTH","2",196762.269543606,38500000,25000,4426
"585","HINCKLEY AND BOSWORTH","3",203994.546670382,9500000,20000,3589
"586","HORSHAM","0",319572.211875267,4115000,40587,2341
"587","HORSHAM","1",325375.546938776,2900000,45000,3920
"588","HORSHAM","2",349409.530266758,3200000,2500,5848
"589","HORSHAM","3",404832.684,52442528,15000,4250
"590","HOUNSLOW","0",346617.622580645,3850000,28000,2790
"591","HOUNSLOW","1",359855.685888027,4700000,40000,4769
"592","HOUNSLOW","2",468379.814248586,33000000,3000,6541
"593","HOUNSLOW","3",523046.5,61739726,5000,4910
"594","HUNTINGDONSHIRE","0",208493.573745756,1500000,40000,2651
"595","HUNTINGDONSHIRE","1",204465.85229202,2100000,31000,5301
"596","HUNTINGDONSHIRE","2",223483.461197339,12969040,20400,7216
"597","HUNTINGDONSHIRE","3",258832.351463608,13150000,24250,5056
"598","HYNDBURN","0",97972.280683031,635000,13000,937
"599","HYNDBURN","1",98621.4265734266,575000,10000,1716
"600","HYNDBURN","2",101746.662371134,3902021,10000,2328
"601","HYNDBURN","3",121547.225689028,17500000,12000,1923
"602","IPSWICH","0",147267.570221753,824000,3500,1894
"603","IPSWICH","1",153415.043206198,1430000,35000,3356
"604","IPSWICH","2",173576.779609544,11137500,5000,4610
"605","IPSWICH","3",223653.228571429,47525000,12000,3710
"606","ISLE OF ANGLESEY","0",171056.027486911,850000,24500,764
"607","ISLE OF ANGLESEY","1",159591.674074074,1180943,30000,1485
"608","ISLE OF ANGLESEY","2",166323.839438033,1779961,15000,1993
"609","ISLE OF ANGLESEY","3",185127.465051903,3000000,35000,1445
"610","ISLE OF WIGHT","0",204971.360288231,3600000,14500,2498
"611","ISLE OF WIGHT","1",197253.345731571,1685000,30000,4463
"612","ISLE OF WIGHT","2",207107.470081136,6679142,350,5916
"613","ISLE OF WIGHT","3",220258.376133249,6900000,400,4743
"614","ISLES OF SCILLY","0",323777,659000,183000,13
"615","ISLES OF SCILLY","1",360482.142857143,735000,175000,28
"616","ISLES OF SCILLY","2",306185.9375,625000,62500,32
"617","ISLES OF SCILLY","3",335656.125,1555496,39500,32
"618","ISLINGTON","0",482873.8,4075000,75000,3205
"619","ISLINGTON","1",518323.939111355,5385000,60000,5469
"620","ISLINGTON","2",702172.195387364,92000000,2750,6157
"621","ISLINGTON","3",854787.971014493,47650624,5000,3864
"622","KENSINGTON AND CHELSEA","0",1249358.83683648,16200000,65000,2807
"623","KENSINGTON AND CHELSEA","1",1424981.18374259,54959000,26750,4724
"624","KENSINGTON AND CHELSEA","2",1942768.88246052,56500000,166,6015
"625","KENSINGTON AND CHELSEA","3",2157608.35482078,70154750,9000,3599
"626","KETTERING","0",153285.446293495,900000,25000,1322
"627","KETTERING","1",157612.036197295,3600000,21000,2514
"628","KETTERING","2",166524.568388269,4142400,10700,3853
"629","KETTERING","3",211563.5033343,63210000,5500,3449
"630","KING'S LYNN AND WEST NORFOLK","0",184853.766079295,1700000,28421,2270
"631","KING'S LYNN AND WEST NORFOLK","1",177525.694823529,3147300,30600,4250
"632","KING'S LYNN AND WEST NORFOLK","2",196151.203827247,3000000,7500,5696
"633","KING'S LYNN AND WEST NORFOLK","3",221061.521373352,17010000,17500,4398
"634","KINGSTON UPON THAMES","0",370611.931335357,11200000,68250,2636
"635","KINGSTON UPON THAMES","1",377586.886755824,6100000,48750,4636
"636","KINGSTON UPON THAMES","2",458076.922127731,7152000,100,5997
"637","KINGSTON UPON THAMES","3",573031.595064935,54250000,1000,3850
"638","KIRKLEES","0",149247.159634624,1250000,12677,4598
"639","KIRKLEES","1",144878.721544475,1650000,14000,8443
"640","KIRKLEES","2",153513.648491458,15200000,10000,11004
"641","KIRKLEES","3",163903.686913367,3425000,1800,9269
"642","KNOWSLEY","0",115323.777658432,600000,25000,931
"643","KNOWSLEY","1",116044.303270042,500000,20000,1896
"644","KNOWSLEY","2",127571.280508766,6775000,12500,2909
"645","KNOWSLEY","3",133503.216291024,4658013,22000,2529
"646","LAMBETH","0",364473.677716849,3000000,62500,4012
"647","LAMBETH","1",391498.636019329,6430000,20000,7657
"648","LAMBETH","2",533074.317378427,92500000,1200,10467
"649","LAMBETH","3",600390.189396171,38568000,1496,6790
"650","LANCASTER","0",153609.71751129,1250000,20000,1993
"651","LANCASTER","1",148018.519275029,1237892,10000,3476
"652","LANCASTER","2",161961.815481172,8590000,19950,4780
"653","LANCASTER","3",176373.174757282,4475000,9000,3605
"654","LEEDS","0",170661.124903026,2550000,13500,9023
"655","LEEDS","1",168070.332817625,2600000,12000,16159
"656","LEEDS","2",186412.071165999,25845000,1950,24211
"657","LEEDS","3",214117.405512827,38859954,3000,19373
"658","LEICESTER","0",138161.743894803,860000,27000,3194
"659","LEICESTER","1",138491.784222267,805000,25000,4931
"660","LEICESTER","2",165409.928571429,24000000,10000,6748
"661","LEICESTER","3",177971.542512158,33600000,10000,5963
"662","LEWES","0",268483.229241877,2750000,10000,1662
"663","LEWES","1",272377.086541521,2725000,35000,3143
"664","LEWES","2",321976.330397584,9800000,2500,3974
"665","LEWES","3",327997.948635057,3950000,7250,2784
"666","LEWISHAM","0",263837.04931594,1781250,73000,3143
"667","LEWISHAM","1",276258.630517625,2350000,62000,6298
"668","LEWISHAM","2",348395.369232439,24126957,5000,9211
"669","LEWISHAM","3",454376.70292656,21122570,2500,7244
"670","LICHFIELD","0",233449.394422311,3750000,29500,1255
"671","LICHFIELD","1",213903.308855292,1925000,21000,2315
"672","LICHFIELD","2",235016.673241095,11053429,10000,3397
"673","LICHFIELD","3",271063.084758942,25700000,3000,2572
"674","LINCOLN","0",128397.331029186,635000,6500,1302
"675","LINCOLN","1",129861.946892655,675000,10000,2655
"676","LINCOLN","2",151737.27905655,21755000,6500,3519
"677","LINCOLN","3",166001.09765625,5874000,15000,2816
"678","LIVERPOOL","0",129669.417473436,910000,10000,4235
"679","LIVERPOOL","1",127236.346544158,1420000,6000,7292
"680","LIVERPOOL","2",141801.713877586,26615720,1000,11551
"681","LIVERPOOL","3",167489.445322117,27004199,100,9748
"682","LUTON","0",159723.581033618,615000,25000,1993
"683","LUTON","1",161327.367578017,730000,22000,3621
"684","LUTON","2",178083.743092863,9025000,5000,5212
"685","LUTON","3",233471.955964585,21083398,11000,4292
"686","MACCLESFIELD","1",94000,94000,94000,1
"687","MAIDSTONE","0",234811.834144184,1350000,35000,2261
"688","MAIDSTONE","1",230349.775777414,1550000,31250,4277
"689","MAIDSTONE","2",254199.889164306,10680000,30000,5648
"690","MAIDSTONE","3",313209.903981798,66205000,2000,4395
"691","MALDON","0",244555.816870144,2900000,45900,901
"692","MALDON","1",246395.067635904,3500000,50000,1582
"693","MALDON","2",270985.781279847,3675000,30000,2094
"694","MALDON","3",312748.548038658,2545000,2400,1759
"695","MALVERN HILLS","0",248790.835685484,2135000,32500,992
"696","MALVERN HILLS","1",238592.116514691,1600000,40000,1974
"697","MALVERN HILLS","2",264817.308487721,37532024,36500,2321
"698","MALVERN HILLS","3",264994.581219644,2309774,6748,1853
"699","MANCHESTER","0",145885.993156694,1200000,11300,5699
"700","MANCHESTER","1",146229.542257391,3112313,10000,9099
"701","MANCHESTER","2",203434.12452457,87459419,10350,13146
"702","MANCHESTER","3",198880.969437969,50000000,2250,11583
"703","MANSFIELD","0",119215.020801233,560000,23750,1298
"704","MANSFIELD","1",114178.602358888,549995,22500,2374
"705","MANSFIELD","2",134657.127062229,13862263,20000,3455
"706","MANSFIELD","3",140399.239783002,13000000,20000,2765
"707","MEDWAY","0",172776.018298262,1425000,14000,3279
"708","MEDWAY","1",170968.917453549,1095000,18000,6566
"709","MEDWAY","2",195616.385170754,48788960,4750,8726
"710","MEDWAY","3",228811.371926933,15400000,100,7281
"711","MELTON","0",195939.804726368,1405000,50000,804
"712","MELTON","1",196391.469834087,1150000,40000,1326
"713","MELTON","2",209157.916714204,7790539,25000,1753
"714","MELTON","3",226525.48015873,4200000,34950,1260
"715","MENDIP","0",222362.457617411,1355000,35000,1746
"716","MENDIP","1",218784.944707741,4900000,35000,3165
"717","MENDIP","2",235906.741069344,5115700,6500,4283
"718","MENDIP","3",252166.448737925,2070000,10000,3209
"719","MERTHYR TYDFIL","0",100199.6039783,348000,11220,553
"720","MERTHYR TYDFIL","1",100624.340757238,475000,14000,898
"721","MERTHYR TYDFIL","2",108078.244491827,1161574,3500,1407
"722","MERTHYR TYDFIL","3",123484.493031359,14000000,10000,1148
"723","MERTON","0",429194.190088496,12650000,30000,2825
"724","MERTON","1",438730.961732852,8500000,47500,5540
"725","MERTON","2",516885.675683937,36000000,6000,6543
"726","MERTON","3",599463.785961872,23034250,2000,4616
"727","MID DEVON","0",221175.854360711,2500000,40000,1181
"728","MID DEVON","1",215765.361198033,1360000,31000,2237
"729","MID DEVON","2",224791.435198822,2300000,20533,2716
"730","MID DEVON","3",232198.693192713,1675000,39950,2086
"731","MID SUFFOLK","0",219966.604708798,2100000,21500,1614
"732","MID SUFFOLK","1",211640.996908279,1410000,26250,2911
"733","MID SUFFOLK","2",229454.428685048,3400000,8000,3772
"734","MID SUFFOLK","3",259372.615440641,7442041,22500,2746
"735","MID SUSSEX","0",297713.63225256,2250000,50000,2344
"736","MID SUSSEX","1",299284.838350056,4300000,10500,4485
"737","MID SUSSEX","2",334617.273368015,24000000,8500,5959
"738","MID SUSSEX","3",382229.504089741,15000000,1000,4279
"739","MIDDLESBROUGH","0",114505.498929336,650000,10000,1401
"740","MIDDLESBROUGH","1",115926.851387305,1875000,13750,2631
"741","MIDDLESBROUGH","2",142195.186005314,22780712,14000,3387
"742","MIDDLESBROUGH","3",149977.785643727,12200000,10000,3037
"743","MILTON KEYNES","0",205387.2244578,1350000,23250,3827
"744","MILTON KEYNES","1",204747.860461802,1750000,20000,7016
"745","MILTON KEYNES","2",257279.203323558,51900000,21000,9207
"746","MILTON KEYNES","3",290790.714834637,54865744,1000,7287
"747","MOLE VALLEY","0",427690.617354196,3350000,30000,1406
"748","MOLE VALLEY","1",418878.691552063,2675000,46000,2545
"749","MOLE VALLEY","2",469778.143949468,4500000,12000,3008
"750","MOLE VALLEY","3",549290.512820513,20827038,1717,2145
"751","MONMOUTHSHIRE","0",221363.994190871,1300000,50000,1205
"752","MONMOUTHSHIRE","1",220366.012767898,1500000,30000,2193
"753","MONMOUTHSHIRE","2",233178.506254343,13905000,43000,2878
"754","MONMOUTHSHIRE","3",285970.354752343,50965532,35000,2241
"755","NEATH PORT TALBOT","0",109955.651633987,495000,5200,1530
"756","NEATH PORT TALBOT","1",107743.275423729,492500,12400,2596
"757","NEATH PORT TALBOT","2",115970.734215605,2820000,500,3627
"758","NEATH PORT TALBOT","3",123415.4170698,3725000,6000,2894
"759","NEW FOREST","0",288907.924266839,2500000,31000,3103
"760","NEW FOREST","1",291991.104653408,2148000,40000,5179
"761","NEW FOREST","2",314861.949656081,19972500,1188,6833
"762","NEW FOREST","3",354418.802404499,22980000,1,5157
"763","NEWARK AND SHERWOOD","0",170959.850625,1100000,30000,1600
"764","NEWARK AND SHERWOOD","1",167757.934595525,1650000,25000,2905
"765","NEWARK AND SHERWOOD","2",176985.717893218,4200000,1000,4158
"766","NEWARK AND SHERWOOD","3",193213.461634826,8000000,500,3193
"767","NEWCASTLE UPON TYNE","0",172151.09725777,1200000,15000,2735
"768","NEWCASTLE UPON TYNE","1",165342.942546001,3750000,13000,5326
"769","NEWCASTLE UPON TYNE","2",188305.436071817,24680000,630,7352
"770","NEWCASTLE UPON TYNE","3",257710.265776294,74937156,4500,5990
"771","NEWCASTLE-UNDER-LYME","0",147276.858703569,2825000,36000,1373
"772","NEWCASTLE-UNDER-LYME","1",143231.087855297,2512000,23600,2709
"773","NEWCASTLE-UNDER-LYME","2",161037.256731538,21755000,500,3751
"774","NEWCASTLE-UNDER-LYME","3",162824.276923077,4180000,500,2795
"775","NEWHAM","0",218711.991099476,650000,5000,1910
"776","NEWHAM","1",218458.062536358,1075000,46250,3438
"777","NEWHAM","2",289302.56806867,83520000,10000,5825
"778","NEWHAM","3",360313.79921858,47750000,1000,4607
"779","NEWPORT","0",144618.703335699,808000,21000,1409
"780","NEWPORT","1",146176.10612855,1775000,22500,2676
"781","NEWPORT","2",166680.149829185,19900000,5868,4098
"782","NEWPORT","3",173763.122497998,7700000,4500,3747
"783","NORTH DEVON","0",222767.896860987,1100000,36250,1561
"784","NORTH DEVON","1",216936.164179104,3600000,22500,2680
"785","NORTH DEVON","2",225898.288620283,2850000,1500,3392
"786","NORTH DEVON","3",242219.967219153,5200000,6000,2715
"787","NORTH DORSET","0",251788.817866435,2150000,40000,1153
"788","NORTH DORSET","1",239713.333333333,1550000,45000,1968
"789","NORTH DORSET","2",255653.699544765,2800000,20000,2636
"790","NORTH DORSET","3",272355.170438132,7125000,30000,2077
"791","NORTH EAST DERBYSHIRE","0",167082.881601363,1125000,20000,1174
"792","NORTH EAST DERBYSHIRE","1",164306.455874674,1250000,26000,1915
"793","NORTH EAST DERBYSHIRE","2",175988.472026677,3902021,6244,2699
"794","NORTH EAST DERBYSHIRE","3",188763.119444444,2134070,25000,2160
"795","NORTH EAST LINCOLNSHIRE","0",122638.530903328,640000,5250,1893
"796","NORTH EAST LINCOLNSHIRE","1",119641.735383763,750000,10500,3609
"797","NORTH EAST LINCOLNSHIRE","2",124215.304375396,3540000,6500,4731
"798","NORTH EAST LINCOLNSHIRE","3",131402.615342315,7200000,5000,3637
"799","NORTH HERTFORDSHIRE","0",268401.039215686,2250000,35500,2040
"800","NORTH HERTFORDSHIRE","1",266096.491511722,2150000,40500,3711
"801","NORTH HERTFORDSHIRE","2",298354.422526316,8150000,2500,4750
"802","NORTH HERTFORDSHIRE","3",347653.222781976,6125000,500,3573
"803","NORTH KESTEVEN","0",163737.147435897,700000,15000,1716
"804","NORTH KESTEVEN","1",162537.032781767,1250000,20000,3203
"805","NORTH KESTEVEN","2",176524.450877593,11150000,18000,4387
"806","NORTH KESTEVEN","3",193835.023711056,3926666,10000,3627
"807","NORTH LINCOLNSHIRE","0",132943.251490515,887000,10000,1845
"808","NORTH LINCOLNSHIRE","1",126929.615760713,775000,22500,3477
"809","NORTH LINCOLNSHIRE","2",140675.753424658,8500000,23000,4599
"810","NORTH LINCOLNSHIRE","3",144860.286543802,2900000,15000,3961
"811","NORTH NORFOLK","0",210490.970969414,2200000,20000,1929
"812","NORTH NORFOLK","1",203972.158496241,1850000,20000,3325
"813","NORTH NORFOLK","2",224128.640309411,4349687,2500,4654
"814","NORTH NORFOLK","3",247233.669121813,4052672,15000,3530
"815","NORTH SOMERSET","0",217750.525229997,1900000,12500,3587
"816","NORTH SOMERSET","1",214882.349598518,1501000,36217,6476
"817","NORTH SOMERSET","2",238249.394636015,9154271,5000,8613
"818","NORTH SOMERSET","3",266011.043115438,23630000,32500,6471
"819","NORTH TYNESIDE","0",156140.458083832,840000,13000,2672
"820","NORTH TYNESIDE","1",149249.696280174,1060000,12000,5054
"821","NORTH TYNESIDE","2",161930.908866995,19200000,7015,6902
"822","NORTH TYNESIDE","3",187067.539804731,27540931,1246,5326
"823","NORTH WARWICKSHIRE","0",170528.096368715,916000,10000,716
"824","NORTH WARWICKSHIRE","1",166491.895081967,925000,48500,1220
"825","NORTH WARWICKSHIRE","2",194511.424914676,15679200,29500,1758
"826","NORTH WARWICKSHIRE","3",207010.9497307,12088101,286,1671
"827","NORTH WEST LEICESTERSHIRE","0",172983.813614263,1230000,30000,1234
"828","NORTH WEST LEICESTERSHIRE","1",166571.129332206,960000,38500,2366
"829","NORTH WEST LEICESTERSHIRE","2",192572.432182658,4750000,7429,3679
"830","NORTH WEST LEICESTERSHIRE","3",235483.559055118,50965532,7500,2921
"831","NORTHAMPTON","0",155526.322580645,935000,20000,2914
"832","NORTHAMPTON","1",159293.717108875,1150000,24000,5465
"833","NORTHAMPTON","2",185524.556154978,20555999,22500,8156
"834","NORTHAMPTON","3",200187.341362007,14400000,10000,6975
"835","NORTHUMBERLAND","0",178323.676553311,2500000,3295,3911
"836","NORTHUMBERLAND","1",167061.476404169,2750000,4250,6908
"837","NORTHUMBERLAND","2",177184.458742004,9100843,3460,9380
"838","NORTHUMBERLAND","3",182849.177848775,2640000,1500,7512
"839","NORWICH","0",167437.87111334,1052000,20250,1994
"840","NORWICH","1",164904.818206897,900000,20000,3625
"841","NORWICH","2",196362.15592173,7200000,3000,4855
"842","NORWICH","3",209132.322925226,7785286,32500,3651
"843","NUNEATON AND BEDWORTH","0",140455.364251862,720000,33500,1477
"844","NUNEATON AND BEDWORTH","1",138141.985798817,725000,26500,2535
"845","NUNEATON AND BEDWORTH","2",155370.384470208,10041205,2477,3709
"846","NUNEATON AND BEDWORTH","3",175753.514616322,17470000,32000,3284
"847","OADBY AND WIGSTON","0",172033.285928144,875000,29950,668
"848","OADBY AND WIGSTON","1",171427.385232745,990000,31500,1246
"849","OADBY AND WIGSTON","2",184046.080645161,5820000,34750,1550
"850","OADBY AND WIGSTON","3",198537.339855072,2949999,48000,1380
"851","OLDHAM","0",127255.229119124,980000,9500,2191
"852","OLDHAM","1",120034.03714368,750000,10000,3473
"853","OLDHAM","2",134977.731310728,11160000,1000,5043
"854","OLDHAM","3",137560.455452957,3200000,750,4007
"855","OXFORD","0",347968.138945233,3655000,15000,1972
"856","OXFORD","1",360911.419773096,4130000,33750,3085
"857","OXFORD","2",432904.207851573,38760000,5000,3719
"858","OXFORD","3",492929.400601278,22700000,100,2661
"859","PEMBROKESHIRE","0",180424.300644238,865000,35000,1397
"860","PEMBROKESHIRE","1",172665.670845127,795000,25000,2473
"861","PEMBROKESHIRE","2",175623.840855107,3800000,1500,3368
"862","PEMBROKESHIRE","3",189064.44270073,30875704,11000,2740
"863","PENDLE","0",111049.211985689,745000,14250,1118
"864","PENDLE","1",107679.176680244,900000,10000,1964
"865","PENDLE","2",129225.017058378,35750000,1000,2638
"866","PENDLE","3",116363.172911964,1200000,12000,2215
"867","POOLE","0",275513.811673152,4800000,55000,2570
"868","POOLE","1",282788.873073436,4135000,47000,4412
"869","POOLE","2",316428.97633234,21755000,20300,6042
"870","POOLE","3",347704.064522695,10000000,195,4913
"871","PORTSMOUTH","0",171613.653700906,1150000,28500,2648
"872","PORTSMOUTH","1",168808.660222736,1350000,23750,4759
"873","PORTSMOUTH","2",198358.88765197,19972500,5000,6827
"874","PORTSMOUTH","3",224406.44941259,32850000,500,5703
"875","POWYS","0",181392.580892608,700000,24250,1434
"876","POWYS","1",172979.011226611,925000,40000,2405
"877","POWYS","2",181232.544479495,2160000,19000,3170
"878","POWYS","3",184151.776736924,1000000,25000,2562
"879","PRESTON","0",136706.798935541,985000,14500,1691
"880","PRESTON","1",137414.99963154,925000,13750,2714
"881","PRESTON","2",155709.108882521,17500000,7500,3490
"882","PRESTON","3",164646.991845056,10198453,5000,2943
"883","PURBECK","0",271988.575757576,890000,32000,726
"884","PURBECK","1",273782.65921357,1700000,75000,1297
"885","PURBECK","2",284837.23369221,2400000,8000,1579
"886","PURBECK","3",321873.5952,4079667,45000,1250
"887","READING","0",228250.718844329,1100000,35000,2319
"888","READING","1",230329.309333959,1426500,45000,4264
"889","READING","2",301693.544766072,93223896,6850,5942
"890","READING","3",362293.717748918,90968237,10500,4620
"891","REDBRIDGE","0",287487.949848943,2500000,40000,3310
"892","REDBRIDGE","1",298523.543037227,2600000,50000,5077
"893","REDBRIDGE","2",336110.628689577,21755000,1000,7013
"894","REDBRIDGE","3",424345.344936709,70900000,250,5056
"895","REDCAR AND CLEVELAND","0",127154.101309442,800000,11506,1451
"896","REDCAR AND CLEVELAND","1",123653.777024616,540000,12500,2803
"897","REDCAR AND CLEVELAND","2",135092.110408432,12600000,5500,3795
"898","REDCAR AND CLEVELAND","3",138563.015553199,4500000,2000,2829
"899","REDDITCH","0",165447.46991404,660000,35000,1047
"900","REDDITCH","1",162186.77002584,860000,30000,1935
"901","REDDITCH","2",181554.917798427,9450000,40000,2798
"902","REDDITCH","3",232986.84729064,50965532,7000,2030
"903","REIGATE AND BANSTEAD","0",360321.250877877,3000000,39250,2563
"904","REIGATE AND BANSTEAD","1",344832.886243386,4400000,40000,4536
"905","REIGATE AND BANSTEAD","2",406053.072505023,48900000,3000,5972
"906","REIGATE AND BANSTEAD","3",449089.563687544,9300000,8500,4263
"907","RHONDDA CYNON TAFF","0",105573.062592593,520000,3381,2700
"908","RHONDDA CYNON TAFF","1",106052.056806002,700000,10500,4665
"909","RHONDDA CYNON TAFF","2",114909.419399115,5449999,1000,6557
"910","RHONDDA CYNON TAFF","3",121238.049315068,2600000,7500,5475
"911","RIBBLE VALLEY","0",216229.869382022,1800000,25000,712
"912","RIBBLE VALLEY","1",218744.214115781,3000000,24000,1261
"913","RIBBLE VALLEY","2",228509.506079027,4765000,15000,1974
"914","RIBBLE VALLEY","3",240246.497649429,14310687,15290,1489
"915","RICHMOND UPON THAMES","0",550773.271377509,6635000,99000,3637
"916","RICHMOND UPON THAMES","1",584039.54214619,6500000,30000,6430
"917","RICHMOND UPON THAMES","2",723702.413802547,52900000,4000,7303
"918","RICHMOND UPON THAMES","3",810011.638166047,85002477,5500,4842
"919","RICHMONDSHIRE","0",240406.537634409,1450000,34500,558
"920","RICHMONDSHIRE","1",211692.33234127,2250000,10000,1008
"921","RICHMONDSHIRE","2",211713.234550562,1380000,15000,1424
"922","RICHMONDSHIRE","3",227971.072202166,4178219,44000,1108
"923","ROCHDALE","0",123874.279329609,815000,10000,1969
"924","ROCHDALE","1",124901.149454963,850000,15000,3486
"925","ROCHDALE","2",143981.109708135,22450000,995,4831
"926","ROCHDALE","3",140970.104793233,4100500,1455,4256
"927","ROCHFORD","0",243121.794242168,1000000,50000,1181
"928","ROCHFORD","1",235066.337862319,1425000,44000,2208
"929","ROCHFORD","2",257446.640740741,1695000,12000,2970
"930","ROCHFORD","3",314332.683377309,2823713,40000,2274
"931","ROSSENDALE","0",128953.365661861,970000,10700,763
"932","ROSSENDALE","1",127269.938609467,1350000,14250,1352
"933","ROSSENDALE","2",132752.406723485,1100000,18500,2112
"934","ROSSENDALE","3",144394.994298746,3308000,9000,1754
"935","ROTHER","0",251786.512669417,1600000,39999,1697
"936","ROTHER","1",245594.11229611,2725000,19995,3188
"937","ROTHER","2",259652.817712004,1900000,5500,4257
"938","ROTHER","3",294880.76167948,3300000,10000,3382
"939","ROTHERHAM","0",132612.630011909,1100000,18000,2519
"940","ROTHERHAM","1",130274.43445848,950000,10000,4829
"941","ROTHERHAM","2",143717.275677242,9047261,5000,6903
"942","ROTHERHAM","3",152308.153289949,14500000,1500,5532
"943","RUGBY","0",184255.215017065,1100000,20000,1465
"944","RUGBY","1",184860.570472295,2200000,32000,2689
"945","RUGBY","2",211987.497233202,17700000,19806,3795
"946","RUGBY","3",235851.928867403,9500000,40000,2896
"947","RUNNYMEDE","0",359219.73986014,6450000,6000,1430
"948","RUNNYMEDE","1",371279.527182867,11500000,50000,2428
"949","RUNNYMEDE","2",440547.485752598,28000000,6000,2983
"950","RUNNYMEDE","3",456324.64440513,16850000,28000,2261
"951","RUSHCLIFFE","0",229646.712609971,1300000,35000,1705
"952","RUSHCLIFFE","1",224154.763673589,1450000,25000,3419
"953","RUSHCLIFFE","2",242120.119292374,21145579,27000,4183
"954","RUSHCLIFFE","3",272732.057899902,8096069,28000,3057
"955","RUSHMOOR","0",215027.301282051,680000,44000,1404
"956","RUSHMOOR","1",212564.84416633,1260000,54000,2477
"957","RUSHMOOR","2",238371.581584103,11342155,3400,3573
"958","RUSHMOOR","3",353774.056338028,36139000,40000,2556
"959","RUTLAND","0",279301.373881932,1687500,40000,559
"960","RUTLAND","1",260255.346424975,1950000,55000,993
"961","RUTLAND","2",271705.223809524,2500000,40000,1470
"962","RUTLAND","3",285566.110183639,2868597,10000,1198
"963","RYEDALE","0",229845.271692745,1991500,43100,703
"964","RYEDALE","1",221200.775988287,2500000,48000,1366
"965","RYEDALE","2",218790.975479744,1220000,30000,1876
"966","RYEDALE","3",234809.320943531,2520000,31250,1399
"967","SALFORD","0",131939.01625387,1000000,20000,2584
"968","SALFORD","1",130969.320641711,2000000,15000,4675
"969","SALFORD","2",141009.196535643,7843172,2000,7505
"970","SALFORD","3",159264.401089411,16050000,14550,7527
"971","SANDWELL","0",121875.220132743,680219,10555,2712
"972","SANDWELL","1",118484.43776824,560000,15000,4893
"973","SANDWELL","2",133976.330123576,5750000,10000,6231
"974","SANDWELL","3",137469.279139947,8650000,5000,5302
"975","SCARBOROUGH","0",165384.374178123,950000,27500,1673
"976","SCARBOROUGH","1",160023.759883344,1050000,29000,3086
"977","SCARBOROUGH","2",162431.270315091,5560000,8000,4221
"978","SCARBOROUGH","3",173050.950224972,8100000,15000,3556
"979","SEDGEMOOR","0",192491.958654906,985000,30600,1814
"980","SEDGEMOOR","1",187988.718218373,1225000,29523,3233
"981","SEDGEMOOR","2",198960.573084792,8240000,1000,4399
"982","SEDGEMOOR","3",227578.945016172,41100000,10000,3401
"983","SEFTON","0",166782.757109915,2150000,15000,2602
"984","SEFTON","1",159463.426086957,1500000,14000,5175
"985","SEFTON","2",163272.207277628,3850000,10000,7420
"986","SEFTON","3",174836.578930464,5150000,6679,6227
"987","SELBY","0",178347.070331447,895000,30000,1237
"988","SELBY","1",184892.868121874,1150000,12121,2199
"989","SELBY","2",186448.67614952,1700000,35000,3023
"990","SELBY","3",222675.597032879,27420000,32000,2494
"991","SEVENOAKS","0",387274.642775882,4750000,30000,1758
"992","SEVENOAKS","1",404931.017088175,3473500,31250,2926
"993","SEVENOAKS","2",419903.635392233,6790000,15000,3837
"994","SEVENOAKS","3",468765.671174377,7000000,10000,2810
"995","SHEFFIELD","0",155049.315250768,1475000,10000,5862
"996","SHEFFIELD","1",152531.280011193,5000000,12000,10721
"997","SHEFFIELD","2",192859.957752256,63280600,5300,14628
"998","SHEFFIELD","3",199904.311885923,39482158,150,11501
"999","SHEPWAY","0",205911.294485503,977500,23365,1759
"1000","SHEPWAY","1",200520.714046262,1110000,20000,2983
"1001","SHEPWAY","2",225466.853537736,29252000,9500,4240
"1002","SHEPWAY","3",239843.469350962,2600000,3500,3328
"1003","SHROPSHIRE","0",207884.237306253,1500000,40000,3742
"1004","SHROPSHIRE","1",201417.433900328,1800000,33750,6702
"1005","SHROPSHIRE","2",208007.01207076,4690770,500,9610
"1006","SHROPSHIRE","3",225857.947491552,20100000,2100,7694
"1007","SLOUGH","0",206455.245889921,950000,27200,1399
"1008","SLOUGH","1",207737.115318417,750000,30000,2324
"1009","SLOUGH","2",250892.190188877,18800000,10000,3812
"1010","SLOUGH","3",316890.888016388,24755000,500,2929
"1011","SOLIHULL","0",249264.076162578,2555000,11850,2731
"1012","SOLIHULL","1",240280.327287223,2350000,12950,5017
"1013","SOLIHULL","2",301222.888953914,44791502,1600,6835
"1014","SOLIHULL","3",302864.947019868,22099103,10283,5285
"1015","SOUTH BUCKS","0",533087.533765032,4600000,24650,1081
"1016","SOUTH BUCKS","1",541698.796384902,4300000,52500,1881
"1017","SOUTH BUCKS","2",638632.368883312,30400000,10000,2391
"1018","SOUTH BUCKS","3",703744.913887204,18000000,2372,1649
"1019","SOUTH CAMBRIDGESHIRE","0",275575.786550812,2508000,35100,2647
"1020","SOUTH CAMBRIDGESHIRE","1",285111.462830273,2250000,35404,4466
"1021","SOUTH CAMBRIDGESHIRE","2",320132.159697188,22374000,2000,5548
"1022","SOUTH CAMBRIDGESHIRE","3",378783.856585909,12500000,5000,3591
"1023","SOUTH DERBYSHIRE","0",169456.899501069,915000,30000,1403
"1024","SOUTH DERBYSHIRE","1",169772.599512591,835000,20000,2462
"1025","SOUTH DERBYSHIRE","2",181246.680625349,11850000,30000,3582
"1026","SOUTH DERBYSHIRE","3",199184,9500000,30000,3043
"1027","SOUTH GLOUCESTERSHIRE","0",210841.613525258,2000000,35000,3682
"1028","SOUTH GLOUCESTERSHIRE","1",207858.14828842,1750000,42000,6865
"1029","SOUTH GLOUCESTERSHIRE","2",229724.91819228,17800000,5000,9559
"1030","SOUTH GLOUCESTERSHIRE","3",279470.237423729,32325000,1000,7375
"1031","SOUTH HAMS","0",319658.202898551,3825000,32000,1518
"1032","SOUTH HAMS","1",293382.181887951,3420000,37500,2606
"1033","SOUTH HAMS","2",324339.97769409,11300613,5000,3452
"1034","SOUTH HAMS","3",335361.981266392,12177500,15000,2669
"1035","SOUTH HOLLAND","0",150730.008507347,885000,27500,1293
"1036","SOUTH HOLLAND","1",146646.609056917,810000,14000,2407
"1037","SOUTH HOLLAND","2",163247.741260745,21000000,10000,3490
"1038","SOUTH HOLLAND","3",172933.115867159,3000000,25000,2710
"1039","SOUTH KESTEVEN","0",180394.138801262,980000,10000,2219
"1040","SOUTH KESTEVEN","1",177331.043942403,1600000,21000,4028
"1041","SOUTH KESTEVEN","2",205789.061524978,27600000,25000,5705
"1042","SOUTH KESTEVEN","3",224138.630765629,30650000,11500,4271
"1043","SOUTH LAKELAND","0",240272.891666667,2850000,7000,1680
"1044","SOUTH LAKELAND","1",223886.082024433,2250000,20000,2865
"1045","SOUTH LAKELAND","2",242183.84954281,5330000,15000,3609
"1046","SOUTH LAKELAND","3",256228.948531838,11108858,5000,3031
"1047","SOUTH NORFOLK","0",212829.557639524,1473403,30000,2186
"1048","SOUTH NORFOLK","1",204348.032402792,1450000,15000,4012
"1049","SOUTH NORFOLK","2",220602.185432857,3640300,12000,5533
"1050","SOUTH NORFOLK","3",247138.199897488,8470000,17000,3902
"1051","SOUTH NORTHAMPTONSHIRE","0",255078.315122724,1440000,41000,1263
"1052","SOUTH NORTHAMPTONSHIRE","1",249946.372532549,1700000,38750,2381
"1053","SOUTH NORTHAMPTONSHIRE","2",281570.493554328,7648046,29000,3258
"1054","SOUTH NORTHAMPTONSHIRE","3",315770.177786348,6000000,10000,2593
"1055","SOUTH OXFORDSHIRE","0",367071.841584158,3000000,58750,2121
"1056","SOUTH OXFORDSHIRE","1",355298.138088012,3600000,64000,3954
"1057","SOUTH OXFORDSHIRE","2",390019.09688716,10500000,45000,5140
"1058","SOUTH OXFORDSHIRE","3",463499.163254012,24174000,7500,3614
"1059","SOUTH RIBBLE","0",161253.974719101,745000,30000,1424
"1060","SOUTH RIBBLE","1",151866.229751403,1040000,23500,2494
"1061","SOUTH RIBBLE","2",170824.318666302,10520000,21300,3659
"1062","SOUTH RIBBLE","3",174114.931683513,4140000,20000,2869
"1063","SOUTH SOMERSET","0",207010.474542562,1362500,30000,2514
"1064","SOUTH SOMERSET","1",208240.002682763,1760000,30000,4473
"1065","SOUTH SOMERSET","2",214831.502645503,3000000,21000,6048
"1066","SOUTH SOMERSET","3",236845.378659313,13160000,17000,4714
"1067","SOUTH STAFFORDSHIRE","0",211012.987940631,1025000,45600,1078
"1068","SOUTH STAFFORDSHIRE","1",202807.696745562,1720000,32000,2028
"1069","SOUTH STAFFORDSHIRE","2",224060.168037183,33000000,21509,2797
"1070","SOUTH STAFFORDSHIRE","3",228164.707284173,2985000,4945,2224
"1071","SOUTH TYNESIDE","0",135588.351851852,825000,19500,1404
"1072","SOUTH TYNESIDE","1",123872.04519774,745000,12000,2655
"1073","SOUTH TYNESIDE","2",136222.597256516,3980000,10000,3645
"1074","SOUTH TYNESIDE","3",147252.235191027,5470000,1000,2853
"1075","SOUTHAMPTON","0",178471.823360803,850000,31250,2791
"1076","SOUTHAMPTON","1",172487.062913907,730000,36000,5134
"1077","SOUTHAMPTON","2",195922.531563656,30630000,5000,7572
"1078","SOUTHAMPTON","3",229976.321003334,14902828,635,6299
"1079","SOUTHEND-ON-SEA","0",210585.508354994,1950000,40000,2693
"1080","SOUTHEND-ON-SEA","1",211254.653170057,1675000,30000,5063
"1081","SOUTHEND-ON-SEA","2",240067.525178784,32521200,500,6712
"1082","SOUTHEND-ON-SEA","3",272422.390230714,22000000,6075,5548
"1083","SOUTHWARK","0",383411.183483802,3330000,61005,3766
"1084","SOUTHWARK","1",405806.116086236,4250000,51000,6633
"1085","SOUTHWARK","2",525552.754525539,45288551,2500,8673
"1086","SOUTHWARK","3",667491.701459391,73500000,5000,6304
"1087","SPELTHORNE","0",277407.294538361,1500000,15500,1538
"1088","SPELTHORNE","1",279276.528150134,1500000,40000,2611
"1089","SPELTHORNE","2",345855.323450135,22932325,41000,3710
"1090","SPELTHORNE","3",403638.722397476,22186372,20000,2536
"1091","ST ALBANS","0",424496.049012436,2870000,22500,2734
"1092","ST ALBANS","1",429309.98068255,4000000,52500,4659
"1093","ST ALBANS","2",489144.699118105,21900000,6000,5783
"1094","ST ALBANS","3",548484.621326398,4500000,5000,3845
"1095","ST EDMUNDSBURY","0",214880.287203243,1450000,35200,1727
"1096","ST EDMUNDSBURY","1",217193.910064935,3086935,36120,3080
"1097","ST EDMUNDSBURY","2",240764.066160255,3750000,24000,4081
"1098","ST EDMUNDSBURY","3",293690.402126952,50965532,22500,3009
"1099","ST HELENS","0",131194.321076822,725000,19400,1523
"1100","ST HELENS","1",119945.768435562,650000,19000,2902
"1101","ST HELENS","2",134735.931392931,9400000,3750,4329
"1102","ST HELENS","3",144811.73388203,18475000,10500,3645
"1103","STAFFORD","0",182874.186525265,1100000,35000,1603
"1104","STAFFORD","1",182621.561740891,1650266,20000,2964
"1105","STAFFORD","2",195608.986003861,8633104,20000,4144
"1106","STAFFORD","3",212546.317702227,9539259,2000,3412
"1107","STAFFORDSHIRE MOORLANDS","0",157651.018817204,870000,30000,1116
"1108","STAFFORDSHIRE MOORLANDS","1",157078.862220058,738000,31250,2054
"1109","STAFFORDSHIRE MOORLANDS","2",162048.840042002,1250000,20000,2857
"1110","STAFFORDSHIRE MOORLANDS","3",175159.042916667,2868597,15000,2400
"1111","STEVENAGE","0",187815.983394834,1030000,50750,1084
"1112","STEVENAGE","1",188804.214323891,1455000,39200,1871
"1113","STEVENAGE","2",216354.123943662,10000001,20000,2485
"1114","STEVENAGE","3",290830.198906017,39517577,52500,2011
"1115","STOCKPORT","0",190919.915855753,1050000,10000,3494
"1116","STOCKPORT","1",187041.80326152,1450000,23750,6684
"1117","STOCKPORT","2",205877.267116073,23200000,14000,9494
"1118","STOCKPORT","3",231635.04735837,29000000,19000,7855
"1119","STOCKTON-ON-TEES","0",146619.896607431,1000000,15000,2476
"1120","STOCKTON-ON-TEES","1",141794.482773755,1375000,7750,4557
"1121","STOCKTON-ON-TEES","2",155134.4553102,5150000,8500,5706
"1122","STOCKTON-ON-TEES","3",161082.672924678,7888468,10000,4421
"1123","STOKE-ON-TRENT","0",98595.0422316931,440000,15000,2581
"1124","STOKE-ON-TRENT","1",98346.2932893289,865000,7000,4545
"1125","STOKE-ON-TRENT","2",112327.668200713,18900000,12500,6736
"1126","STOKE-ON-TRENT","3",123571.271327219,18000000,17000,5779
"1127","STRATFORD-ON-AVON","0",287062.98687664,2750000,30000,1905
"1128","STRATFORD-ON-AVON","1",285932.131171922,3180000,37500,3362
"1129","STRATFORD-ON-AVON","2",310270.453640186,6000000,24998,4519
"1130","STRATFORD-ON-AVON","3",349774.443380744,17800000,37500,3656
"1131","STROUD","0",239490.468587896,1500000,40000,1735
"1132","STROUD","1",235834.413291139,3500000,40000,3160
"1133","STROUD","2",249116.175465839,19972500,34000,4508
"1134","STROUD","3",272497.429767442,3906000,11840,3225
"1135","SUFFOLK COASTAL","0",251667.099904398,2500000,15000,2092
"1136","SUFFOLK COASTAL","1",244586.340431125,2450000,37500,3804
"1137","SUFFOLK COASTAL","2",262302.028209915,3075000,35000,4821
"1138","SUFFOLK COASTAL","3",285937.335386195,2000000,4720,3897
"1139","SUNDERLAND","0",124477.694026818,900000,18000,2461
"1140","SUNDERLAND","1",121834.149219563,825000,6500,4805
"1141","SUNDERLAND","2",141612.853788687,31369900,8000,6559
"1142","SUNDERLAND","3",147234.188764486,23223688,8200,5091
"1143","SURREY HEATH","0",336076.671041838,2825000,51000,1219
"1144","SURREY HEATH","1",338692.348157051,5500000,13000,2496
"1145","SURREY HEATH","2",418028.340397351,25450000,23500,3020
"1146","SURREY HEATH","3",449182.714963346,37500000,14850,2319
"1147","SUTTON","0",263344.71166348,1300000,49500,2615
"1148","SUTTON","1",271419.910401247,3575000,5000,5134
"1149","SUTTON","2",325721.327888506,35030000,4999,6673
"1150","SUTTON","3",388849.670528455,22000000,2500,4920
"1151","SWALE","0",180752.133025167,1592500,17995,1947
"1152","SWALE","1",179520.120782535,1600000,30000,3527
"1153","SWALE","2",201592.281000205,6400000,10000,4879
"1154","SWALE","3",229665.890577508,6690000,5000,3948
"1155","SWANSEA","0",153215.172096317,1300000,20000,2824
"1156","SWANSEA","1",149576.822296035,1400000,20000,4817
"1157","SWANSEA","2",163443.046813841,24100000,10000,6387
"1158","SWANSEA","3",195898.985773563,83450000,15340,5061
"1159","SWINDON","0",172087.393,875000,39000,3000
"1160","SWINDON","1",166728.237150586,1030000,42500,5545
"1161","SWINDON","2",190149.976564448,27166304,19375,8022
"1162","SWINDON","3",221512.24019111,24000000,20000,6907
"1163","TAMESIDE","0",123324.223785166,552000,13000,2346
"1164","TAMESIDE","1",120649.323042727,970000,15000,4049
"1165","TAMESIDE","2",126539.644644829,2340938,2000,5434
"1166","TAMESIDE","3",140346.300660338,13632733,11457,4846
"1167","TAMWORTH","0",149124.080622348,428000,4880,707
"1168","TAMWORTH","1",146730.845188285,520000,30000,1434
"1169","TAMWORTH","2",176218.759131293,24050000,27000,2026
"1170","TAMWORTH","3",175053.468711656,3200000,36000,1630
"1171","TANDRIDGE","0",385837.074638233,2000000,3000,1313
"1172","TANDRIDGE","1",366520.658285243,2400000,50000,2426
"1173","TANDRIDGE","2",414427.59134765,4007507,16750,3213
"1174","TANDRIDGE","3",488521.271270037,66205000,1500,2433
"1175","TAUNTON DEANE","0",213802.38238573,1450000,33000,1794
"1176","TAUNTON DEANE","1",209327.986922141,1450000,32000,3288
"1177","TAUNTON DEANE","2",238635.907586207,26779964,20000,4350
"1178","TAUNTON DEANE","3",235187.373146623,14710000,9250,3642
"1179","TEIGNBRIDGE","0",224919.888992974,1090000,30000,2135
"1180","TEIGNBRIDGE","1",223804.521332997,2250000,29500,3961
"1181","TEIGNBRIDGE","2",230916.377191329,5350000,20000,5305
"1182","TEIGNBRIDGE","3",244896.110782137,2950000,5000,4053
"1183","TENDRING","0",175878.793774319,1500000,20000,2313
"1184","TENDRING","1",170528.657843613,1525000,10000,4118
"1185","TENDRING","2",180022.233830031,2310000,19995,6107
"1186","TENDRING","3",204117.064176641,7250000,22000,4846
"1187","TEST VALLEY","0",286864.34785239,1785000,48000,1653
"1188","TEST VALLEY","1",285938.93956927,2400000,60000,3111
"1189","TEST VALLEY","2",300759.062048736,10050000,40000,4432
"1190","TEST VALLEY","3",331668.592778929,28500000,5000,3379
"1191","TEWKESBURY","0",232270.206178161,1650000,32000,1392
"1192","TEWKESBURY","1",226378.038041102,3404000,46000,2287
"1193","TEWKESBURY","2",258696.484151647,24250000,43900,3218
"1194","TEWKESBURY","3",273713.095905989,13247223,7500,2638
"1195","THANET","0",174216.254681648,1225000,20000,2136
"1196","THANET","1",169981.169906589,1110000,20000,3961
"1197","THANET","2",192056.713281672,17135000,7500,5549
"1198","THANET","3",212594.600632244,2370000,1000,4745
"1199","THE VALE OF GLAMORGAN","0",202673.099874372,1310000,42000,1592
"1200","THE VALE OF GLAMORGAN","1",207145.746818025,1900000,27000,2907
"1201","THE VALE OF GLAMORGAN","2",217106.677655678,15149911,6250,4095
"1202","THE VALE OF GLAMORGAN","3",230875.063378262,14710000,15592,3487
"1203","THREE RIVERS","0",391737.205859676,3550000,48500,1297
"1204","THREE RIVERS","1",396054.688564477,2900000,47500,2466
"1205","THREE RIVERS","2",470668.692206511,38100000,11999,3041
"1206","THREE RIVERS","3",518431.537134643,5000000,14346,2087
"1207","THURROCK","0",181489.250135648,660000,54995,1843
"1208","THURROCK","1",181557.674225029,900000,40000,3484
"1209","THURROCK","2",201809.124329502,9600000,6500,5220
"1210","THURROCK","3",254246.087941372,25000000,3357,4503
"1211","TONBRIDGE AND MALLING","0",297254.251976806,2750000,40125,1897
"1212","TONBRIDGE AND MALLING","1",286939.276080692,3300000,32750,3470
"1213","TONBRIDGE AND MALLING","2",327824.329590351,12800000,20000,4809
"1214","TONBRIDGE AND MALLING","3",366957.330921236,10741153,6000,3593
"1215","TORBAY","0",184417.432878003,1342500,22500,2123
"1216","TORBAY","1",181728.690282903,1525000,33000,4065
"1217","TORBAY","2",187815.572050027,7537694,2000,5517
"1218","TORBAY","3",211369.786106837,9230000,15500,4549
"1219","TORFAEN","0",128397.002358491,420000,21000,848
"1220","TORFAEN","1",132477.589433482,915000,20500,1571
"1221","TORFAEN","2",137891.65701559,2173000,23000,2245
"1222","TORFAEN","3",142733.547909968,2370000,18500,1555
"1223","TORRIDGE","0",209784.316865417,945000,40250,1174
"1224","TORRIDGE","1",197251.628571429,843067,35000,2100
"1225","TORRIDGE","2",207552.036969917,3000000,40000,2759
"1226","TORRIDGE","3",226900.318640955,5371582,5500,2178
"1227","TOWER HAMLETS","0",345542.834976526,5363536,36250,4260
"1228","TOWER HAMLETS","1",351339.935881104,3160000,56250,7065
"1229","TOWER HAMLETS","2",489552.383374567,85000000,1000,10105
"1230","TOWER HAMLETS","3",571951.43147602,62400000,1000,6443
"1231","TRAFFORD","0",250614.946171099,4100000,20000,3121
"1232","TRAFFORD","1",240717.03537149,6000000,15000,5626
"1233","TRAFFORD","2",301326.619159796,29375000,3350,7641
"1234","TRAFFORD","3",292617.588138386,24900000,3020,6070
"1235","TUNBRIDGE WELLS","0",335279.227995758,2730000,29000,1886
"1236","TUNBRIDGE WELLS","1",329363.84765625,3000000,43750,3328
"1237","TUNBRIDGE WELLS","2",363605.679743224,12300000,10000,4206
"1238","TUNBRIDGE WELLS","3",422906.558240397,12499999,1000,3228
"1239","UTTLESFORD","0",336401.744345442,3100000,36000,1459
"1240","UTTLESFORD","1",330375.394168875,2795000,33000,2641
"1241","UTTLESFORD","2",355521.952193646,3100000,10000,3305
"1242","UTTLESFORD","3",402810.856370656,3475000,36000,2590
"1243","VALE OF WHITE HORSE","0",306852.31121643,2000000,46500,1899
"1244","VALE OF WHITE HORSE","1",301656.550660793,3690000,60000,3178
"1245","VALE OF WHITE HORSE","2",341350.522143011,32200000,41750,4629
"1246","VALE OF WHITE HORSE","3",376906.709375,33753892,100,3520
"1247","WAKEFIELD","0",141587.315023163,1650000,16000,3022
"1248","WAKEFIELD","1",133247.627838105,800000,18000,6078
"1249","WAKEFIELD","2",151676.01832878,13000000,5487,8784
"1250","WAKEFIELD","3",156708.429040967,9290000,6000,8519
"1251","WALSALL","0",142728.683499006,710000,11500,2515
"1252","WALSALL","1",139105.321412404,835000,6000,4418
"1253","WALSALL","2",158034.137562489,7700000,10000,5801
"1254","WALSALL","3",160011.86593277,7900000,12500,5087
"1255","WALTHAM FOREST","0",235455.694294526,799995,14250,2594
"1256","WALTHAM FOREST","1",247364.668436703,930000,17000,4708
"1257","WALTHAM FOREST","2",323678.988589819,6150000,5000,6836
"1258","WALTHAM FOREST","3",409089.957808324,25000000,931,5238
"1259","WANDSWORTH","0",494761.109794761,5000000,90000,5993
"1260","WANDSWORTH","1",521525.565347834,6350000,15000,10666
"1261","WANDSWORTH","2",663430.635895033,88800000,100,12804
"1262","WANDSWORTH","3",736121.959722681,57650000,5000,9087
"1263","WARRINGTON","0",183041.240641711,1600000,30000,2431
"1264","WARRINGTON","1",180552.08984463,1482500,10000,4441
"1265","WARRINGTON","2",194989.614565911,13800000,20000,6577
"1266","WARRINGTON","3",212796.68948891,8725000,700,5185
"1267","WARWICK","0",251624.884091976,2225000,15000,2131
"1268","WARWICK","1",242967.528797084,3500000,27025,4115
"1269","WARWICK","2",282678.596099756,7201725,7000,5333
"1270","WARWICK","3",312885.43821911,12650000,100,3998
"1271","WATFORD","0",248287.273133376,980000,35000,1567
"1272","WATFORD","1",257533.348089968,1225000,15000,2801
"1273","WATFORD","2",302919.372299169,7490000,12000,3610
"1274","WATFORD","3",384756.011437909,16433835,9600,2448
"1275","WAVENEY","0",174862.332179931,1710000,17000,1734
"1276","WAVENEY","1",167904.113826168,1900000,35000,3233
"1277","WAVENEY","2",176451.268735084,6650000,10000,4190
"1278","WAVENEY","3",191616.899162271,1922550,15000,3223
"1279","WAVERLEY","0",418768.56122449,5500000,32500,2254
"1280","WAVERLEY","1",424289.058408041,7600000,39000,3681
"1281","WAVERLEY","2",475009.465399402,45700000,12825,4682
"1282","WAVERLEY","3",512376.363744428,14000000,3000,3365
"1283","WEALDEN","0",302028.075135554,3000000,38000,2582
"1284","WEALDEN","1",287338.30101841,3650000,42500,5106
"1285","WEALDEN","2",308888.175757576,4725000,20000,6270
"1286","WEALDEN","3",339630.633265167,4675000,10000,4401
"1287","WELLINGBOROUGH","0",158263.97032641,1300000,23125,1011
"1288","WELLINGBOROUGH","1",158631.979016787,1725000,22500,1668
"1289","WELLINGBOROUGH","2",177991.182804674,7000000,3500,2396
"1290","WELLINGBOROUGH","3",196484.969432314,3000000,5000,2061
"1291","WELWYN HATFIELD","0",319071.433546553,3350000,36250,1407
"1292","WELWYN HATFIELD","1",308451.431754875,4125000,49000,2513
"1293","WELWYN HATFIELD","2",350207.613648872,10680000,38750,3634
"1294","WELWYN HATFIELD","3",421626.051744414,16790000,1000,2551
"1295","WEST BERKSHIRE","0",305071.08650519,2450000,44950,2312
"1296","WEST BERKSHIRE","1",305264.736842105,2750000,37500,4180
"1297","WEST BERKSHIRE","2",328600.193414928,42900000,39900,5801
"1298","WEST BERKSHIRE","3",398801.985721443,20312498,28000,3992
"1299","WEST DEVON","0",237084.477017365,3300000,55000,979
"1300","WEST DEVON","1",228339.643934426,1950000,38164,1525
"1301","WEST DEVON","2",237599.444780635,1732016,27000,1983
"1302","WEST DEVON","3",249147.643097643,1475000,27730,1485
"1303","WEST DORSET","0",259925.836813187,1150000,65000,1820
"1304","WEST DORSET","1",267365.697080292,2275000,58500,3014
"1305","WEST DORSET","2",274047.280781138,3988044,1000,4199
"1306","WEST DORSET","3",294336.241744149,9200000,10000,3119
"1307","WEST LANCASHIRE","0",194525.928023033,1700000,15000,1042
"1308","WEST LANCASHIRE","1",187127.282144716,3250000,20200,1921
"1309","WEST LANCASHIRE","2",189608.32306564,1600000,9200,2727
"1310","WEST LANCASHIRE","3",211541.713136729,4950000,23000,2238
"1311","WEST LINDSEY","0",164185.049679487,960000,10000,1248
"1312","WEST LINDSEY","1",154226.104275742,900000,15000,2292
"1313","WEST LINDSEY","2",161727.392754457,3468308,3000,3478
"1314","WEST LINDSEY","3",178678.382896764,3982000,22000,2596
"1315","WEST OXFORDSHIRE","0",286078.031843575,8000000,60000,1790
"1316","WEST OXFORDSHIRE","1",290954.8210809,3800000,36250,2979
"1317","WEST OXFORDSHIRE","2",315171.563036481,9140799,14000,3728
"1318","WEST OXFORDSHIRE","3",356153.703836501,5250000,10500,2789
"1319","WEST SOMERSET","0",225345.192579505,935000,60000,566
"1320","WEST SOMERSET","1",226883.144153226,2000000,30000,992
"1321","WEST SOMERSET","2",235198.08306962,4450000,14000,1264
"1322","WEST SOMERSET","3",229259.939278937,2050000,20850,1054
"1323","WEYMOUTH AND PORTLAND","0",206910.685934489,1250000,41000,1038
"1324","WEYMOUTH AND PORTLAND","1",204083.152391546,1000000,47250,1798
"1325","WEYMOUTH AND PORTLAND","2",231182.65656963,30100000,35000,2542
"1326","WEYMOUTH AND PORTLAND","3",223534.359801489,1358860,10000,2015
"1327","WIGAN","0",124317.108247423,712500,11500,3298
"1328","WIGAN","1",121028.955173002,1000000,15000,5867
"1329","WIGAN","2",141709.820500364,42283464,3500,8234
"1330","WIGAN","3",146817.218576116,40502996,14818,7009
"1331","WILTSHIRE","0",244588.723569072,3000000,50000,6971
"1332","WILTSHIRE","1",242520.449940735,7450000,28000,12655
"1333","WILTSHIRE","2",252517.609406025,13250000,3200,17627
"1334","WILTSHIRE","3",284146.770300752,49775000,12500,13300
"1335","WINCHESTER","0",355718.382792375,1870000,33750,1941
"1336","WINCHESTER","1",362838.141056423,3210000,58000,3332
"1337","WINCHESTER","2",408335.175928061,28290000,40000,4337
"1338","WINCHESTER","3",440031.038107753,17010000,1000,3044
"1339","WINDSOR AND MAIDENHEAD","0",421065.803313509,4000000,69000,2354
"1340","WINDSOR AND MAIDENHEAD","1",438810.696611505,4850000,41250,3807
"1341","WINDSOR AND MAIDENHEAD","2",534704.09255079,90201395,30000,5316
"1342","WINDSOR AND MAIDENHEAD","3",573807.007901907,12540000,7600,3670
"1343","WIRRAL","0",162629.239529979,1150000,22000,3319
"1344","WIRRAL","1",160832.771101349,2000000,10000,6374
"1345","WIRRAL","2",163017.23521682,5860000,8000,9132
"1346","WIRRAL","3",170708.054375418,3300000,1200,7485
"1347","WOKING","0",341670.125,2662120,25000,1760
"1348","WOKING","1",338840.080449018,3800000,50000,3207
"1349","WOKING","2",420959.875088548,61500000,30000,4235
"1350","WOKING","3",456583.296699311,11750000,4600,2757
"1351","WOKINGHAM","0",313552.026273242,2600000,71550,2474
"1352","WOKINGHAM","1",324032.175523704,4500000,37500,4535
"1353","WOKINGHAM","2",364705.11765682,12493713,10000,6026
"1354","WOKINGHAM","3",467708.25754717,98250000,78750,4240
"1355","WOLVERHAMPTON","0",127178.801324503,1200000,28000,1963
"1356","WOLVERHAMPTON","1",129851.066246851,897500,7000,3970
"1357","WOLVERHAMPTON","2",146982.768751181,9000000,9750,5293
"1358","WOLVERHAMPTON","3",155345.886388464,6651000,4854,4577
"1359","WORCESTER","0",174305.829694323,750000,20625,1374
"1360","WORCESTER","1",178238.637523452,880000,35375,2665
"1361","WORCESTER","2",197697.425218341,8399201,22000,3664
"1362","WORCESTER","3",212961.414807302,7429750,334,2958
"1363","WORTHING","0",218319.743693239,940000,32000,1982
"1364","WORTHING","1",216783.979863946,850000,20000,3675
"1365","WORTHING","2",240861.561226548,12900000,11150,4957
"1366","WORTHING","3",278926.907298881,9428281,7700,3754
"1367","WREKIN","0",156338.119061936,595000,38000,1663
"1368","WREKIN","1",152887.502016129,825000,25000,3472
"1369","WREKIN","2",161112.363326388,11000000,10000,5279
"1370","WREKIN","3",169390.526060071,6661378,19000,4528
"1371","WREXHAM","0",152694.184748428,895000,33000,1272
"1372","WREXHAM","1",151147.955679862,1083000,31500,2324
"1373","WREXHAM","2",159398.137584979,7935000,19000,3089
"1374","WREXHAM","3",173098.397394137,12630000,30000,2456
"1375","WYCHAVON","0",249201.774378585,2262500,35000,1569
"1376","WYCHAVON","1",237839.938821998,5000000,50000,3073
"1377","WYCHAVON","2",261185.825023084,24950129,16000,4332
"1378","WYCHAVON","3",275069.994182825,11576997,10000,3610
"1379","WYCOMBE","0",337067.408628409,4000000,25000,2457
"1380","WYCOMBE","1",330206.748758465,3465000,42000,4430
"1381","WYCOMBE","2",370890.630866878,38000000,10000,5987
"1382","WYCOMBE","3",413954.951597962,18000000,5000,4318
"1383","WYRE","0",160252.192626035,935000,23750,1329
"1384","WYRE","1",155735.255656109,1075000,18000,2652
"1385","WYRE","2",157718.542510121,3902021,15500,3458
"1386","WYRE","3",167349.38002133,16650000,17500,2813
"1387","WYRE FOREST","0",176119.779926335,2900000,24000,1086
"1388","WYRE FOREST","1",171658.09580292,2725960,3000,2192
"1389","WYRE FOREST","2",184846.93735946,10787925,5000,3113
"1390","WYRE FOREST","3",186620.990852391,1650000,8500,2405
"1391","YORK","0",201572.026498841,1370000,8000,3019
"1392","YORK","1",205686.075634605,1670000,34000,5791
"1393","YORK","2",237404.113568924,43482516,2000,7414
"1394","YORK","3",260273.749102588,28100000,25000,5293
